/*
 Navicat Premium Dump SQL

 Source Server         : localhost
 Source Server Type    : MySQL
 Source Server Version : 50734 (5.7.34-log)
 Source Host           : localhost:3306
 Source Schema         : zen_ops

 Target Server Type    : MySQL
 Target Server Version : 50734 (5.7.34-log)
 File Encoding         : 65001

 Date: 06/05/2026 16:19:59
*/

SET NAMES utf8mb4;
SET FOREIGN_KEY_CHECKS = 0;

-- ----------------------------
-- Table structure for zen_db_ds
-- ----------------------------
DROP TABLE IF EXISTS `zen_db_ds`;
CREATE TABLE `zen_db_ds`  (
  `PK_DS` decimal(38, 0) NOT NULL COMMENT '主键',
  `DB_TYPE` varchar(500) CHARACTER SET utf8mb4 COLLATE utf8mb4_general_ci NULL DEFAULT NULL COMMENT '数据库类型',
  `CONN_TYPE` varchar(500) CHARACTER SET utf8mb4 COLLATE utf8mb4_general_ci NULL DEFAULT NULL COMMENT '连接方式 1主机2URL',
  `NAME` varchar(500) CHARACTER SET utf8mb4 COLLATE utf8mb4_general_ci NULL DEFAULT NULL COMMENT '名称',
  `HOST` varchar(500) CHARACTER SET utf8mb4 COLLATE utf8mb4_general_ci NULL DEFAULT NULL COMMENT 'IP地址',
  `PORT` varchar(500) CHARACTER SET utf8mb4 COLLATE utf8mb4_general_ci NULL DEFAULT NULL COMMENT '端口号',
  `DB_SCHEMA` varchar(500) CHARACTER SET utf8mb4 COLLATE utf8mb4_general_ci NULL DEFAULT NULL COMMENT '数据库',
  `URL` varchar(500) CHARACTER SET utf8mb4 COLLATE utf8mb4_general_ci NULL DEFAULT NULL COMMENT '链接地址',
  `USER_NAME` varchar(500) CHARACTER SET utf8mb4 COLLATE utf8mb4_general_ci NULL DEFAULT NULL COMMENT '用户名',
  `USER_PWD` varchar(500) CHARACTER SET utf8mb4 COLLATE utf8mb4_general_ci NULL DEFAULT NULL COMMENT '密码',
  `DRIVER` varchar(500) CHARACTER SET utf8mb4 COLLATE utf8mb4_general_ci NULL DEFAULT NULL COMMENT '驱动',
  `CONN_MAX` decimal(10, 0) NULL DEFAULT NULL COMMENT '最大连接数',
  `CONN_MIN` decimal(10, 0) NULL DEFAULT NULL COMMENT '最小连接数',
  `DES` varchar(500) CHARACTER SET utf8mb4 COLLATE utf8mb4_general_ci NULL DEFAULT NULL COMMENT '描述',
  `IS_SYS` decimal(1, 0) NULL DEFAULT 0 COMMENT '是否系统数据',
  `IS_LOCK` decimal(1, 0) NULL DEFAULT 0 COMMENT '是否锁定数据',
  `PK_CREATEDBY` decimal(38, 0) NULL DEFAULT NULL COMMENT '创建人',
  `DT_CREATED` datetime NULL DEFAULT CURRENT_TIMESTAMP COMMENT '创建时间',
  `PK_MODIFIEDBY` decimal(38, 0) NULL DEFAULT NULL COMMENT '修改人',
  `DT_MODIFIED` datetime NULL DEFAULT NULL COMMENT '修改时间',
  `DS` decimal(1, 0) NULL DEFAULT 0 COMMENT '删除标志',
  `VERSION` decimal(10, 0) NULL DEFAULT NULL COMMENT '版本',
  PRIMARY KEY (`PK_DS`) USING BTREE
) ENGINE = InnoDB CHARACTER SET = utf8mb4 COLLATE = utf8mb4_general_ci COMMENT = '数据源' ROW_FORMAT = DYNAMIC;

-- ----------------------------
-- Records of zen_db_ds
-- ----------------------------

-- ----------------------------
-- Table structure for zen_db_exec_log
-- ----------------------------
DROP TABLE IF EXISTS `zen_db_exec_log`;
CREATE TABLE `zen_db_exec_log`  (
  `PK_LOG` decimal(38, 0) NOT NULL COMMENT '主键',
  `PK_DS` decimal(38, 0) NULL DEFAULT NULL COMMENT '数据源ID',
  `DB_SCHEMA` varchar(500) CHARACTER SET utf8mb4 COLLATE utf8mb4_general_ci NULL DEFAULT NULL COMMENT '数据库名',
  `SQL_TEXT` text CHARACTER SET utf8mb4 COLLATE utf8mb4_general_ci NULL COMMENT '执行的SQL内容',
  `SQL_TYPE` varchar(50) CHARACTER SET utf8mb4 COLLATE utf8mb4_general_ci NULL DEFAULT NULL COMMENT 'SQL类型 DDL/DML',
  `EXEC_STATUS` varchar(20) CHARACTER SET utf8mb4 COLLATE utf8mb4_general_ci NULL DEFAULT NULL COMMENT '执行状态 SUCCESS/FAIL',
  `EXEC_TIME_MS` decimal(10, 0) NULL DEFAULT NULL COMMENT '执行耗时毫秒',
  `ERROR_MSG` text CHARACTER SET utf8mb4 COLLATE utf8mb4_general_ci NULL COMMENT '错误信息',
  `AFFECTED_ROWS` decimal(38, 0) NULL DEFAULT NULL COMMENT '影响行数',
  `PK_CREATEDBY` decimal(38, 0) NULL DEFAULT NULL COMMENT '执行人',
  `DT_CREATED` datetime NULL DEFAULT CURRENT_TIMESTAMP COMMENT '执行时间',
  PRIMARY KEY (`PK_LOG`) USING BTREE
) ENGINE = InnoDB CHARACTER SET = utf8mb4 COLLATE = utf8mb4_general_ci COMMENT = 'SQL执行审计日志' ROW_FORMAT = Dynamic;

-- ----------------------------
-- Records of zen_db_exec_log
-- ----------------------------

-- ----------------------------
-- Table structure for zen_fso_ds
-- ----------------------------
DROP TABLE IF EXISTS `zen_fso_ds`;
CREATE TABLE `zen_fso_ds`  (
  `PK_FSO_DS` decimal(38, 0) NOT NULL COMMENT '主键',
  `NAME` varchar(200) CHARACTER SET utf8mb4 COLLATE utf8mb4_general_ci NULL DEFAULT NULL COMMENT '数据源名称',
  `TYPE` varchar(20) CHARACTER SET utf8mb4 COLLATE utf8mb4_general_ci NULL DEFAULT NULL COMMENT '类型(MINIO/ALIYUN_OSS)',
  `CLOB_CONFIG` longtext CHARACTER SET utf8mb4 COLLATE utf8mb4_general_ci NULL COMMENT '配置信息JSON',
  `IS_SYS` decimal(1, 0) NULL DEFAULT 0 COMMENT '是否系统数据',
  `IS_LOCK` decimal(1, 0) NULL DEFAULT 0 COMMENT '是否锁定数据',
  `PK_CREATEDBY` decimal(38, 0) NULL DEFAULT NULL COMMENT '创建人',
  `DT_CREATED` datetime NULL DEFAULT CURRENT_TIMESTAMP COMMENT '创建时间',
  `PK_MODIFIEDBY` decimal(38, 0) NULL DEFAULT NULL COMMENT '修改人',
  `DT_MODIFIED` datetime NULL DEFAULT NULL COMMENT '修改时间',
  `DS` decimal(1, 0) NULL DEFAULT 0 COMMENT '删除标志',
  `VERSION` decimal(10, 0) NULL DEFAULT NULL COMMENT '版本',
  PRIMARY KEY (`PK_FSO_DS`) USING BTREE
) ENGINE = InnoDB CHARACTER SET = utf8mb4 COLLATE = utf8mb4_general_ci COMMENT = '对象存储数据源' ROW_FORMAT = Dynamic;

-- ----------------------------
-- Records of zen_fso_ds
-- ----------------------------

-- ----------------------------
-- Table structure for zen_redis_ds
-- ----------------------------
DROP TABLE IF EXISTS `zen_redis_ds`;
CREATE TABLE `zen_redis_ds`  (
  `PK_REDIS_DS` decimal(38, 0) NOT NULL COMMENT '主键',
  `NAME` varchar(500) CHARACTER SET utf8mb4 COLLATE utf8mb4_general_ci NULL DEFAULT NULL COMMENT '数据源名称',
  `HOST` varchar(500) CHARACTER SET utf8mb4 COLLATE utf8mb4_general_ci NULL DEFAULT NULL COMMENT '主机地址',
  `PORT` varchar(500) CHARACTER SET utf8mb4 COLLATE utf8mb4_general_ci NULL DEFAULT NULL COMMENT '端口号',
  `PASSWORD` varchar(500) CHARACTER SET utf8mb4 COLLATE utf8mb4_general_ci NULL DEFAULT NULL COMMENT '密码',
  `DATABASE_NUM` int(11) NULL DEFAULT 16 COMMENT '数据库数量(0-16)',
  `TIMEOUT` int(11) NULL DEFAULT 3000 COMMENT '连接超时时间(毫秒)',
  `DES` varchar(500) CHARACTER SET utf8mb4 COLLATE utf8mb4_general_ci NULL DEFAULT NULL COMMENT '描述',
  `IS_SYS` decimal(1, 0) NULL DEFAULT 0 COMMENT '是否系统数据',
  `IS_LOCK` decimal(1, 0) NULL DEFAULT 0 COMMENT '是否锁定数据',
  `PK_CREATEDBY` decimal(38, 0) NULL DEFAULT NULL COMMENT '创建人',
  `DT_CREATED` datetime NULL DEFAULT CURRENT_TIMESTAMP COMMENT '创建时间',
  `PK_MODIFIEDBY` decimal(38, 0) NULL DEFAULT NULL COMMENT '修改人',
  `DT_MODIFIED` datetime NULL DEFAULT NULL COMMENT '修改时间',
  `DS` decimal(1, 0) NULL DEFAULT 0 COMMENT '删除标志',
  `VERSION` decimal(10, 0) NULL DEFAULT NULL COMMENT '版本',
  PRIMARY KEY (`PK_REDIS_DS`) USING BTREE
) ENGINE = InnoDB CHARACTER SET = utf8mb4 COLLATE = utf8mb4_general_ci COMMENT = 'Redis数据源' ROW_FORMAT = DYNAMIC;

-- ----------------------------
-- Records of zen_redis_ds
-- ----------------------------

-- ----------------------------
-- Table structure for zen_schedule
-- ----------------------------
DROP TABLE IF EXISTS `zen_schedule`;
CREATE TABLE `zen_schedule`  (
  `pk_schedule` decimal(38, 0) NOT NULL COMMENT '任务主键',
  `pk_schedule_group` decimal(38, 0) NULL DEFAULT NULL COMMENT '分组主键',
  `name` varchar(500) CHARACTER SET utf8mb4 COLLATE utf8mb4_general_ci NULL DEFAULT NULL COMMENT '定时任务名称',
  `job_class` varchar(500) CHARACTER SET utf8mb4 COLLATE utf8mb4_general_ci NULL DEFAULT NULL COMMENT '任务类',
  `trigger_type` varchar(500) CHARACTER SET utf8mb4 COLLATE utf8mb4_general_ci NULL DEFAULT NULL COMMENT '触发器类型 simple简单触发器固定间隔 cron日程触发器',
  `trigger_expr` varchar(500) CHARACTER SET utf8mb4 COLLATE utf8mb4_general_ci NULL DEFAULT NULL COMMENT '表达式, CRON或秒',
  `clob_cfg` longtext CHARACTER SET utf8mb4 COLLATE utf8mb4_general_ci NULL COMMENT '配置信息',
  `principal` varchar(500) CHARACTER SET utf8mb4 COLLATE utf8mb4_general_ci NULL DEFAULT NULL COMMENT '负责人',
  `is_active` decimal(1, 0) NULL DEFAULT NULL COMMENT '是否激活1激活0未激活',
  `clob_run_time` longtext CHARACTER SET utf8mb4 COLLATE utf8mb4_general_ci NULL COMMENT '运行时信息',
  `last_run_status` decimal(1, 0) NULL DEFAULT NULL COMMENT '上次运行状态1成功0失败',
  `des` varchar(500) CHARACTER SET utf8mb4 COLLATE utf8mb4_general_ci NULL DEFAULT NULL COMMENT '描述',
  `pk_createdby` decimal(38, 0) NULL DEFAULT NULL COMMENT '创建人',
  `dt_created` datetime NULL DEFAULT CURRENT_TIMESTAMP COMMENT '创建时间',
  `pk_modifiedby` decimal(38, 0) NULL DEFAULT NULL COMMENT '修改人',
  `dt_modified` datetime NULL DEFAULT NULL COMMENT '修改时间',
  `ds` decimal(1, 0) NULL DEFAULT 0 COMMENT '删除标志',
  `version` decimal(10, 0) NULL DEFAULT NULL COMMENT '版本',
  PRIMARY KEY (`pk_schedule`) USING BTREE
) ENGINE = InnoDB CHARACTER SET = utf8mb4 COLLATE = utf8mb4_general_ci ROW_FORMAT = DYNAMIC;

-- ----------------------------
-- Records of zen_schedule
-- ----------------------------

-- ----------------------------
-- Table structure for zen_schedule_group
-- ----------------------------
DROP TABLE IF EXISTS `zen_schedule_group`;
CREATE TABLE `zen_schedule_group`  (
  `pk_schedule_group` decimal(38, 0) NOT NULL COMMENT '主键',
  `name` varchar(500) CHARACTER SET utf8mb4 COLLATE utf8mb4_general_ci NULL DEFAULT NULL COMMENT '分组名称',
  `pk_createdby` decimal(38, 0) NULL DEFAULT NULL COMMENT '创建人',
  `dt_created` datetime NULL DEFAULT CURRENT_TIMESTAMP COMMENT '创建时间',
  `pk_modifiedby` decimal(38, 0) NULL DEFAULT NULL COMMENT '修改人',
  `dt_modified` datetime NULL DEFAULT NULL COMMENT '修改时间',
  `ds` decimal(1, 0) NULL DEFAULT 0 COMMENT '删除标志',
  `version` decimal(10, 0) NULL DEFAULT NULL COMMENT '版本',
  PRIMARY KEY (`pk_schedule_group`) USING BTREE
) ENGINE = InnoDB CHARACTER SET = utf8mb4 COLLATE = utf8mb4_general_ci COMMENT = '任务分组' ROW_FORMAT = DYNAMIC;

-- ----------------------------
-- Records of zen_schedule_group
-- ----------------------------

-- ----------------------------
-- Table structure for zen_schedule_log
-- ----------------------------
DROP TABLE IF EXISTS `zen_schedule_log`;
CREATE TABLE `zen_schedule_log`  (
  `pk_schedule_log` decimal(38, 0) NOT NULL COMMENT '主键',
  `pk_schedule` decimal(38, 0) NULL DEFAULT NULL COMMENT '任务主键',
  `dt_run` datetime NULL DEFAULT NULL COMMENT '运行时间',
  `status_run` decimal(1, 0) NULL DEFAULT NULL COMMENT '运行状态 1成功0失败 2执行中',
  `result_run` varchar(500) CHARACTER SET utf8mb4 COLLATE utf8mb4_general_ci NULL DEFAULT NULL COMMENT '运行结果',
  `elapsed_time` varchar(500) CHARACTER SET utf8mb4 COLLATE utf8mb4_general_ci NULL DEFAULT NULL COMMENT '耗时 ms',
  `clob_log` longtext CHARACTER SET utf8mb4 COLLATE utf8mb4_general_ci NULL COMMENT '运行日志',
  `run_node` varchar(500) CHARACTER SET utf8mb4 COLLATE utf8mb4_general_ci NULL DEFAULT NULL COMMENT '运行节点标志',
  `run_cfg` longtext CHARACTER SET utf8mb4 COLLATE utf8mb4_general_ci NULL COMMENT '运行时配置',
  `is_manual` decimal(1, 0) NULL DEFAULT NULL COMMENT '是否手动',
  `pk_createdby` decimal(38, 0) NULL DEFAULT NULL COMMENT '创建人',
  `dt_created` datetime NULL DEFAULT CURRENT_TIMESTAMP COMMENT '创建时间',
  `pk_modifiedby` decimal(38, 0) NULL DEFAULT NULL COMMENT '修改人',
  `dt_modified` datetime NULL DEFAULT NULL COMMENT '修改时间',
  `ds` decimal(1, 0) NULL DEFAULT 0 COMMENT '删除标志',
  `version` decimal(10, 0) NULL DEFAULT NULL COMMENT '版本',
  PRIMARY KEY (`pk_schedule_log`) USING BTREE
) ENGINE = InnoDB CHARACTER SET = utf8mb4 COLLATE = utf8mb4_general_ci COMMENT = '定时任务日志' ROW_FORMAT = DYNAMIC;

-- ----------------------------
-- Records of zen_schedule_log
-- ----------------------------

-- ----------------------------
-- Table structure for zen_ssh
-- ----------------------------
DROP TABLE IF EXISTS `zen_ssh`;
CREATE TABLE `zen_ssh`  (
  `PK_SERVER` decimal(38, 0) NOT NULL COMMENT '主键',
  `NAME` varchar(500) CHARACTER SET utf8mb4 COLLATE utf8mb4_general_ci NULL DEFAULT NULL COMMENT '名称',
  `DES` varchar(500) CHARACTER SET utf8mb4 COLLATE utf8mb4_general_ci NULL DEFAULT NULL COMMENT '描述',
  `IP` varchar(500) CHARACTER SET utf8mb4 COLLATE utf8mb4_general_ci NULL DEFAULT NULL COMMENT '服务器IP地址',
  `PORT_SSH` varchar(500) CHARACTER SET utf8mb4 COLLATE utf8mb4_general_ci NULL DEFAULT NULL COMMENT 'SSH端口号',
  `USER_NAME` varchar(500) CHARACTER SET utf8mb4 COLLATE utf8mb4_general_ci NULL DEFAULT NULL COMMENT '用户名',
  `USER_PWD` varchar(500) CHARACTER SET utf8mb4 COLLATE utf8mb4_general_ci NULL DEFAULT NULL COMMENT '密码',
  `LOGIN_TP` varchar(500) CHARACTER SET utf8mb4 COLLATE utf8mb4_general_ci NULL DEFAULT NULL COMMENT '登录类型(密码/私钥)',
  `PRV_KEY` longtext CHARACTER SET utf8mb4 COLLATE utf8mb4_general_ci NULL COMMENT '私钥',
  `PRV_KEY_PASSWD` longtext CHARACTER SET utf8mb4 COLLATE utf8mb4_general_ci NULL COMMENT '私钥密码',
  `INIT_PATH` varchar(500) CHARACTER SET utf8mb4 COLLATE utf8mb4_general_ci NULL DEFAULT NULL COMMENT '默认进入目录',
  `IS_SYS` decimal(1, 0) NULL DEFAULT 0 COMMENT '是否系统数据',
  `IS_LOCK` decimal(1, 0) NULL DEFAULT 0 COMMENT '是否锁定数据',
  `PK_CREATEDBY` decimal(38, 0) NULL DEFAULT NULL COMMENT '创建人',
  `DT_CREATED` datetime NULL DEFAULT CURRENT_TIMESTAMP COMMENT '创建时间',
  `PK_MODIFIEDBY` decimal(38, 0) NULL DEFAULT NULL COMMENT '修改人',
  `DT_MODIFIED` datetime NULL DEFAULT NULL COMMENT '修改时间',
  `DS` decimal(1, 0) NULL DEFAULT 0 COMMENT '删除标志',
  `VERSION` decimal(10, 0) NULL DEFAULT NULL COMMENT '版本',
  PRIMARY KEY (`PK_SERVER`) USING BTREE
) ENGINE = InnoDB CHARACTER SET = utf8mb4 COLLATE = utf8mb4_general_ci COMMENT = '服务器配置表' ROW_FORMAT = DYNAMIC;

-- ----------------------------
-- Records of zen_ssh
-- ----------------------------
INSERT INTO `zen_ssh` VALUES (2048700198447878144, 'centos私钥', '', '192.168.159.133', '22', 'root', NULL, '1', '-----BEGIN RSA PRIVATE KEY-----\nMIIJKAIBAAKCAgEA5EfAF0ZBShXKl789NLBVNOhXf37UkajIrnalttjQBsOaG1eE\nRFnb3CtMzwChq5peNwE7u+tAd6GvMnrqs94DE983Nz6lZwtSvZRHcoMvtSdvQzdJ\n/9XNOYakVjcuN2urFZJI1IvkL2I12Q7clmoEuX5oS0JsKUHzASBsaW8KkP3XQO6q\nmf98rOkNxi3FPUV2CujmxiydkDWbCvbxvkWbts0ctwdcY5ktmld3Gz+wawV6Gc8y\nKBV33O6l5R0BKJXOMYg13LfqT7JymB6SkbENslnSqbHVx/NVeiakAs2IteucaDZd\nYzyxX9kiAhI/PLtcoAggaJpqyaezqhjr2jvJnhtIQFp3pH50TB/LV5rWCldpvWo6\n8Ysit292ZAwG/FR+nuda2jC6HMuFhC6YI6B6bzSnvml0Sw+TRO9rTKkqibo6/o9e\ndXOw+DCl9mm6M5og3wiTj0dUQU8joP3DIdoBfepzebJUtWKD+JfeqCzLTLFmTMWS\nF3zI/lpUT1Y8l4dvK80lJuxAecUp3xiKnTNo8NoZGghdJZoc3RzS3J4tBnviMkwa\nMoSIPQjM2ZmF3/0YLebJ6tJ0TxfdNh7OWoPc5Ab7xhctx66msPu8QxFDJA33HN+z\n5BTMa0zZDHAXtrYSrXxgp/px+bwD8QR3YvLH4JHHKB63Rj6rEWXD1xaz72ECAwEA\nAQKCAgBN7iSojWZaiUfpN/MIGq5r6ml8b+rXcvxXes+ltSyHMp1Yei8AOoDxD6Mg\nA8ItV/yT4Iro4y3V6U9q90VKdB8u2IP8CxniLJ5pc8ZUVG6j9DtqgeR0PyPZYJqX\niCzx5IK6UX8leEBE4M0rNYSeoMDOJlYqYxmTmB0CJHR+JddAmjeyxgddnTeNu93k\n6tkrypu6q7mkq7R6d6JfQuBSKWc4J5uG7C9hHPjReMyDc+GhF3SQfQhNYM7TkHD3\n30f29/U1OZ/RosONw4iVX9J/hCb93OYq4jfuE6b5lVlmT449NJrnhK+q4hxXcUPH\n2zzVWc0MINoXe6e7AdI23l0d2k1AVBu3GXjnRZvtCiVT/aji9Qvf2twXmer+421G\nOn3SeLhsJjUvJsF6EH4q4Ki1lxYXujo/7qkCMSiQchL4CyG5he7Ijojzk/dytZJw\nIApISjWNi/C5GHKhnbqdYWlIOUq6q0hD33qhn71RPGsCDPE6U5x3i3woX1+QG0I0\nxUGoYOU8qc2Fpm455aTtRlA1HkGMZbpeuniMP5SgXSmyFNQpF67zzqW6mp5YuLXl\njN58byfCdqHYj8mv74QePRfdefr44OD8kZQ2xyszepeACcKcBR/bppaIV6Z47OwF\n9eMMWwVft2NSVfVbvLTaR5HI0VQjdCCqa236PWWzDEGktqTfZQKCAQEA/v+JPe8j\nXZG7Y93r9BghtBx14W4Z4FyUpuEefXg/jTjru6URqQkENBbq1gBL/WoDs4KflRr9\nCplFjPm0mrniAp8dgaH25mNaLYZibq9Y5TSV3gioDZ3CYE7YTdiOKQ2CueG3jOsk\niWavUztWdNMWt8yTUFK41+DYeyaWNtFX+rz2aiSy58KDie6MgA1EC6cH5ElLBYq1\nACl/HTI1+nHxJsKM7oAWuB97kQVGQvT1DMoHL2EC8azjogdVobWuvrWk107YorQB\nOq+sURu9AwJQdmb0sJYd6qhhIaxfZiHbAzzZIc4vAIZUcQ6PkK0PuibHRtDzKKJt\nVpMq033X0aGeQwKCAQEA5S1Xv6fQStSZJ6RBqHK5sM5IIeZL4xYhs/8VS7AUtO5u\nM03TSVuocf1uBvq/TSiTr7c29mP7cCApk6E0TPyWd0+Njho0vPu0fwfxDB8F/78U\nbyLv//GJpnp9sZFgXZt/c635NbBngKpkyj9mLZr2xOwVtPZHCz+BQKcL0qWwRf+H\nlpTybu4pcumLhMfGoWqew8bmuK8NRMxKygrSY6C+cOTK0jGLnudK/jV3CzqpZqPW\nBTnLm6/oq/f6W4Aaeg1MEnEaDQQtjkVp9Ok+ff3v3oHVbYJpFDJKUkvqOOWYh/a9\nocn7jaUYdZ7O0zUcuzuhYp+JQYz8BNlFgllkba9riwKCAQApQFmJZWhJOMwhycLk\nCAtbwcboIxGYlCGQJZbzIULWq8Cm6HtE5yqA6rwuxnmEk2Pp5FXAn08UKdtwhOzM\nowmG9wqk7/irKKNr/fNqiH9PBQTBmJDnMwBA6EBhx4in54GgZH13FIsilzQBuPWx\njHx+W1/xfJBejAc5VPK0B4W+EFeksC8pAvSYmbis9nhtkiXarmiuitPhJNVlebv1\nuf0TEiIOazZBrwYkXcASEOKboQsshPse8aMZkSovMN8GBwiVtDGjkI8qWUT9Egmv\ntO4jWWB4OLC6R2b/NY1xTkTJ70wJBfvgj9qVN4/ODdEfgip2sFLF3hDmEoS5FgCV\n7xlVAoIBAQDTrpwchO7aD6EfgpK6+q0V6JOr7EIwEOM0lOqgrJWTwZ+8d6gvXCAs\nmf+lJrrIlDBF358+2n8GxE5i9EWQzsZUkgCYPxBzdrLzmuxFW+p4nZBMTyMLb5jL\nUt0CxNsT22tP+GP1+WjA6aKLRSAmA7rnjYFHUyuv8gp7I1DCUxSMs0gUCKQdXpKe\nd6XNEZIgypC3GONHtzk0UNbL5E8Mgw8ky8+jcuwZ7F3SjKPWlWqfSbmHviiZN1Rc\nc4KmPZ83GU0ow5tiZneFsAv8keyNB58mERqIOirA4urPNRu1Ti0jeP8Tj7Nw1AvR\nqMw1Phu5vYyFwgJPr9+gwud3TQZ8YcmdAoIBADqZHjgKtXNn+/Q/vP3z0i8heqEG\nQwtS1IslsJVltVkryL1Ti5BN9P7waLmBybk82njYsCPYc+qbiP6gp8KuTrT0VlgL\nFCC5fiCJ5HpJvdtLlJ5WLLSL5+QRnasUQSJ57fCbItGfusNIfu9gqj8THx4syCzS\nDV92kRrhozn/n/LiHCNXUZ4zjYKftqU3ZpIp+wONB+YOKcyfOgNEcJeZHujGO7OY\n86Wh2vJi3no8YhG1ochqZjrTNPGEoLodJBDZEIJueGaFJcaslxCK8USuLEDGB9Yt\nInWmpHYIXPQhAbw4YHaUsvL2ql5lztq2mrv4vw8bWfLp6L4SPqExSuMyW+Y=\n-----END RSA PRIVATE KEY-----', '', '/boot', 0, 0, 1, '2026-04-27 17:46:05', NULL, NULL, 0, NULL);

-- ----------------------------
-- Table structure for zen_sys_menu
-- ----------------------------
DROP TABLE IF EXISTS `zen_sys_menu`;
CREATE TABLE `zen_sys_menu`  (
  `PK_MENU` decimal(38, 0) NOT NULL COMMENT '主键',
  `PK_PARENT` decimal(38, 0) NULL DEFAULT NULL COMMENT '父主键',
  `SUB_COUNT` decimal(10, 0) NULL DEFAULT 0 COMMENT '子菜单数目',
  `NODE_TYPE` varchar(500) CHARACTER SET utf8mb4 COLLATE utf8mb4_general_ci NULL DEFAULT NULL COMMENT '菜单类型（功能节点、外链等）',
  `NAME` varchar(500) CHARACTER SET utf8mb4 COLLATE utf8mb4_general_ci NULL DEFAULT NULL COMMENT '菜单名称',
  `ICON` varchar(500) CHARACTER SET utf8mb4 COLLATE utf8mb4_general_ci NULL DEFAULT NULL COMMENT '菜单图标',
  `URL` varchar(500) CHARACTER SET utf8mb4 COLLATE utf8mb4_general_ci NULL DEFAULT NULL COMMENT '菜单组件路径/外链地址',
  `COMPONENT` varchar(500) CHARACTER SET utf8mb4 COLLATE utf8mb4_general_ci NULL DEFAULT NULL COMMENT '前端组件路径',
  `SORT_ORDER` decimal(10, 0) NULL DEFAULT NULL COMMENT '排序',
  `IS_HIDDEN` decimal(1, 0) NULL DEFAULT NULL COMMENT '是否隐藏',
  `IS_SYS` decimal(1, 0) NULL DEFAULT 0 COMMENT '是否系统数据',
  `IS_LOCK` decimal(1, 0) NULL DEFAULT 0 COMMENT '是否锁定数据',
  `PK_CREATEDBY` decimal(38, 0) NULL DEFAULT NULL COMMENT '创建人',
  `DT_CREATED` datetime NULL DEFAULT CURRENT_TIMESTAMP COMMENT '创建时间',
  `PK_MODIFIEDBY` decimal(38, 0) NULL DEFAULT NULL COMMENT '修改人',
  `DT_MODIFIED` datetime NULL DEFAULT NULL COMMENT '修改时间',
  `DS` decimal(1, 0) NULL DEFAULT 0 COMMENT '删除标志',
  `VERSION` decimal(10, 0) NULL DEFAULT NULL COMMENT '版本',
  PRIMARY KEY (`PK_MENU`) USING BTREE
) ENGINE = InnoDB CHARACTER SET = utf8mb4 COLLATE = utf8mb4_general_ci COMMENT = '菜单表' ROW_FORMAT = DYNAMIC;

-- ----------------------------
-- Records of zen_sys_menu
-- ----------------------------
INSERT INTO `zen_sys_menu` VALUES (1, 0, 0, 'FUNC', '首页', NULL, '/', 'components/Home', 1, 0, 1, 0, 1, '2026-04-29 15:22:31', 1, '2026-04-29 15:22:31', 0, 1);
INSERT INTO `zen_sys_menu` VALUES (2, 0, 0, 'FUNC', '对象存储', NULL, '/object-storage', 'components/fso/index', 2, 0, 1, 0, 1, '2026-04-29 15:22:31', 1, '2026-04-29 15:22:31', 0, 1);
INSERT INTO `zen_sys_menu` VALUES (3, 0, 0, 'FUNC', 'SSH终端', NULL, '/ssh', 'components/ssh/index', 3, 0, 1, 0, 1, '2026-04-29 15:22:31', 1, '2026-04-29 15:22:31', 0, 1);
INSERT INTO `zen_sys_menu` VALUES (4, 0, 0, 'FUNC', 'SQL窗口', NULL, '/sql-window', 'components/sql-window/index', 4, 0, 1, 0, 1, '2026-04-29 15:22:31', 1, '2026-04-29 15:22:31', 0, 1);
INSERT INTO `zen_sys_menu` VALUES (5, 2049752163073728513, 0, 'FUNC', '用户管理', NULL, '/sys-user', 'views/system/User', 1, 0, 1, 0, 1, '2026-04-29 15:22:31', 1, '2026-04-29 15:22:31', 0, 1);
INSERT INTO `zen_sys_menu` VALUES (6, 2049752163073728513, 0, 'FUNC', '角色管理', NULL, '/sys-role', 'views/system/Role', 2, 0, 1, 0, 1, '2026-04-29 15:22:31', 1, '2026-04-29 15:22:31', 0, 1);
INSERT INTO `zen_sys_menu` VALUES (7, 2049752163073728513, 0, 'FUNC', '菜单管理', NULL, '/sys-menu', 'views/system/Menu', 3, 0, 1, 0, 1, '2026-04-29 15:22:31', 1, '2026-04-29 15:22:31', 0, 1);
INSERT INTO `zen_sys_menu` VALUES (2049752163073728513, 0, 3, 'FUNC', '系统管理', NULL, NULL, NULL, 6, 0, 0, 0, NULL, '2026-04-30 15:26:12', NULL, NULL, 0, NULL);
INSERT INTO `zen_sys_menu` VALUES (2049756076787232769, 0, 0, 'LINK', 'Nacos', NULL, 'http://localhost:8848/nacos/', NULL, 7, 0, 0, 0, NULL, '2026-04-30 15:41:45', NULL, NULL, 0, NULL);
INSERT INTO `zen_sys_menu` VALUES (2051810323607404546, 0, 0, 'FUNC', 'Redis', NULL, '/redis', '/components/redis/index', 5, 0, 0, 0, NULL, '2026-05-06 07:44:36', NULL, NULL, 0, NULL);
INSERT INTO `zen_sys_menu` VALUES (2051926989993521153, 0, 0, 'LINK', 'Nacos内', NULL, 'http://localhost:8848/nacos/', NULL, 7, NULL, 0, 0, NULL, '2026-05-06 15:28:12', NULL, NULL, 1, NULL);

-- ----------------------------
-- Table structure for zen_sys_menu_role
-- ----------------------------
DROP TABLE IF EXISTS `zen_sys_menu_role`;
CREATE TABLE `zen_sys_menu_role`  (
  `PK_MENU_ROLE` decimal(38, 0) NOT NULL COMMENT '主键',
  `PK_MENU` decimal(38, 0) NULL DEFAULT NULL COMMENT '菜单主键',
  `PK_ROLE` decimal(38, 0) NULL DEFAULT NULL COMMENT '角色主键',
  `IS_SYS` decimal(1, 0) NULL DEFAULT 0 COMMENT '是否系统数据',
  `IS_LOCK` decimal(1, 0) NULL DEFAULT 0 COMMENT '是否锁定数据',
  `PK_CREATEDBY` decimal(38, 0) NULL DEFAULT NULL COMMENT '创建人',
  `DT_CREATED` datetime NULL DEFAULT CURRENT_TIMESTAMP COMMENT '创建时间',
  `PK_MODIFIEDBY` decimal(38, 0) NULL DEFAULT NULL COMMENT '修改人',
  `DT_MODIFIED` datetime NULL DEFAULT NULL COMMENT '修改时间',
  `DS` decimal(1, 0) NULL DEFAULT 0 COMMENT '删除标志',
  `VERSION` decimal(10, 0) NULL DEFAULT NULL COMMENT '版本',
  PRIMARY KEY (`PK_MENU_ROLE`) USING BTREE
) ENGINE = InnoDB CHARACTER SET = utf8mb4 COLLATE = utf8mb4_general_ci COMMENT = '菜单角色中间表' ROW_FORMAT = DYNAMIC;

-- ----------------------------
-- Records of zen_sys_menu_role
-- ----------------------------
INSERT INTO `zen_sys_menu_role` VALUES (2051937890859585538, 1, 1, 0, 0, NULL, '2026-05-06 16:11:31', NULL, NULL, 0, NULL);
INSERT INTO `zen_sys_menu_role` VALUES (2051937890859585539, 2, 1, 0, 0, NULL, '2026-05-06 16:11:31', NULL, NULL, 0, NULL);
INSERT INTO `zen_sys_menu_role` VALUES (2051937890859585540, 3, 1, 0, 0, NULL, '2026-05-06 16:11:31', NULL, NULL, 0, NULL);
INSERT INTO `zen_sys_menu_role` VALUES (2051937890859585541, 4, 1, 0, 0, NULL, '2026-05-06 16:11:31', NULL, NULL, 0, NULL);
INSERT INTO `zen_sys_menu_role` VALUES (2051937890859585542, 2051810323607404546, 1, 0, 0, NULL, '2026-05-06 16:11:31', NULL, NULL, 0, NULL);
INSERT INTO `zen_sys_menu_role` VALUES (2051937890859585543, 2049752163073728513, 1, 0, 0, NULL, '2026-05-06 16:11:31', NULL, NULL, 0, NULL);
INSERT INTO `zen_sys_menu_role` VALUES (2051937890926694402, 5, 1, 0, 0, NULL, '2026-05-06 16:11:31', NULL, NULL, 0, NULL);
INSERT INTO `zen_sys_menu_role` VALUES (2051937890926694403, 6, 1, 0, 0, NULL, '2026-05-06 16:11:31', NULL, NULL, 0, NULL);
INSERT INTO `zen_sys_menu_role` VALUES (2051937890926694404, 7, 1, 0, 0, NULL, '2026-05-06 16:11:31', NULL, NULL, 0, NULL);
INSERT INTO `zen_sys_menu_role` VALUES (2051937890926694405, 2049756076787232769, 1, 0, 0, NULL, '2026-05-06 16:11:31', NULL, NULL, 0, NULL);
INSERT INTO `zen_sys_menu_role` VALUES (2051938549377896450, 1, 2051938511838875650, 0, 0, NULL, '2026-05-06 16:14:08', NULL, NULL, 0, NULL);
INSERT INTO `zen_sys_menu_role` VALUES (2051938549377896451, 2, 2051938511838875650, 0, 0, NULL, '2026-05-06 16:14:08', NULL, NULL, 0, NULL);
INSERT INTO `zen_sys_menu_role` VALUES (2051938549377896452, 3, 2051938511838875650, 0, 0, NULL, '2026-05-06 16:14:08', NULL, NULL, 0, NULL);
INSERT INTO `zen_sys_menu_role` VALUES (2051938549377896453, 4, 2051938511838875650, 0, 0, NULL, '2026-05-06 16:14:08', NULL, NULL, 0, NULL);
INSERT INTO `zen_sys_menu_role` VALUES (2051938549377896454, 2051810323607404546, 2051938511838875650, 0, 0, NULL, '2026-05-06 16:14:08', NULL, NULL, 0, NULL);

-- ----------------------------
-- Table structure for zen_sys_role
-- ----------------------------
DROP TABLE IF EXISTS `zen_sys_role`;
CREATE TABLE `zen_sys_role`  (
  `PK_ROLE` decimal(38, 0) NOT NULL COMMENT '主键',
  `NAME` varchar(500) CHARACTER SET utf8mb4 COLLATE utf8mb4_general_ci NULL DEFAULT NULL COMMENT '名称',
  `IS_SYS` decimal(1, 0) NULL DEFAULT 0 COMMENT '是否系统数据',
  `IS_LOCK` decimal(1, 0) NULL DEFAULT 0 COMMENT '是否锁定数据',
  `PK_CREATEDBY` decimal(38, 0) NULL DEFAULT NULL COMMENT '创建人',
  `DT_CREATED` datetime NULL DEFAULT CURRENT_TIMESTAMP COMMENT '创建时间',
  `PK_MODIFIEDBY` decimal(38, 0) NULL DEFAULT NULL COMMENT '修改人',
  `DT_MODIFIED` datetime NULL DEFAULT NULL COMMENT '修改时间',
  `DS` decimal(1, 0) NULL DEFAULT 0 COMMENT '删除标志',
  `VERSION` decimal(10, 0) NULL DEFAULT NULL COMMENT '版本',
  PRIMARY KEY (`PK_ROLE`) USING BTREE
) ENGINE = InnoDB CHARACTER SET = utf8mb4 COLLATE = utf8mb4_general_ci COMMENT = '角色表' ROW_FORMAT = DYNAMIC;

-- ----------------------------
-- Records of zen_sys_role
-- ----------------------------
INSERT INTO `zen_sys_role` VALUES (1, '超级管理员', 1, 0, 1, '2026-04-29 15:22:31', 1, '2026-04-29 15:22:31', 0, 1);
INSERT INTO `zen_sys_role` VALUES (2051938511838875650, '系统管理员', 0, 0, NULL, '2026-05-06 16:13:59', NULL, NULL, 0, NULL);

-- ----------------------------
-- Table structure for zen_sys_role_user
-- ----------------------------
DROP TABLE IF EXISTS `zen_sys_role_user`;
CREATE TABLE `zen_sys_role_user`  (
  `PK_ROLE_USER` decimal(38, 0) NULL DEFAULT NULL COMMENT '主键',
  `PK_ROLE` decimal(38, 0) NULL DEFAULT NULL COMMENT '角色主键',
  `PK_USER` decimal(38, 0) NULL DEFAULT NULL COMMENT '用户主键',
  `IS_SYS` decimal(1, 0) NULL DEFAULT 0 COMMENT '是否系统数据',
  `IS_LOCK` decimal(1, 0) NULL DEFAULT 0 COMMENT '是否锁定数据',
  `PK_CREATEDBY` decimal(38, 0) NULL DEFAULT NULL COMMENT '创建人',
  `DT_CREATED` datetime NULL DEFAULT CURRENT_TIMESTAMP COMMENT '创建时间',
  `PK_MODIFIEDBY` decimal(38, 0) NULL DEFAULT NULL COMMENT '修改人',
  `DT_MODIFIED` datetime NULL DEFAULT NULL COMMENT '修改时间',
  `DS` decimal(1, 0) NULL DEFAULT 0 COMMENT '删除标志',
  `VERSION` decimal(10, 0) NULL DEFAULT NULL COMMENT '版本'
) ENGINE = InnoDB CHARACTER SET = utf8mb4 COLLATE = utf8mb4_general_ci COMMENT = '用户角色中间表' ROW_FORMAT = DYNAMIC;

-- ----------------------------
-- Records of zen_sys_role_user
-- ----------------------------
INSERT INTO `zen_sys_role_user` VALUES (1, 1, 1, 0, 0, NULL, '2026-04-29 15:23:09', NULL, NULL, 0, NULL);
INSERT INTO `zen_sys_role_user` VALUES (2051938589043429378, 2051938511838875650, 2051938442670608386, 0, 0, NULL, '2026-05-06 16:14:17', NULL, NULL, 0, NULL);

-- ----------------------------
-- Table structure for zen_sys_user
-- ----------------------------
DROP TABLE IF EXISTS `zen_sys_user`;
CREATE TABLE `zen_sys_user`  (
  `PK_USER` decimal(38, 0) NOT NULL COMMENT '主键',
  `USER_NAME` varchar(500) CHARACTER SET utf8mb4 COLLATE utf8mb4_general_ci NULL DEFAULT NULL COMMENT '用户名',
  `PASSWORD` varchar(500) CHARACTER SET utf8mb4 COLLATE utf8mb4_general_ci NULL DEFAULT NULL COMMENT '密码',
  `NAME` varchar(500) CHARACTER SET utf8mb4 COLLATE utf8mb4_general_ci NULL DEFAULT NULL COMMENT '姓名',
  `PHONE` varchar(500) CHARACTER SET utf8mb4 COLLATE utf8mb4_general_ci NULL DEFAULT NULL COMMENT '电话',
  `EMAIL` varchar(500) CHARACTER SET utf8mb4 COLLATE utf8mb4_general_ci NULL DEFAULT NULL COMMENT '邮箱',
  `SEX` varchar(500) CHARACTER SET utf8mb4 COLLATE utf8mb4_general_ci NULL DEFAULT NULL COMMENT '性别',
  `DEPARTMENT` varchar(500) CHARACTER SET utf8mb4 COLLATE utf8mb4_general_ci NULL DEFAULT NULL COMMENT '部门',
  `BLOB_HEADER` longblob NULL COMMENT '头像',
  `IS_SYS` decimal(1, 0) NULL DEFAULT 0 COMMENT '是否系统数据',
  `IS_LOCK` decimal(1, 0) NULL DEFAULT 0 COMMENT '是否锁定数据',
  `PK_CREATEDBY` decimal(38, 0) NULL DEFAULT NULL COMMENT '创建人',
  `DT_CREATED` datetime NULL DEFAULT CURRENT_TIMESTAMP COMMENT '创建时间',
  `PK_MODIFIEDBY` decimal(38, 0) NULL DEFAULT NULL COMMENT '修改人',
  `DT_MODIFIED` datetime NULL DEFAULT NULL COMMENT '修改时间',
  `DS` decimal(1, 0) NULL DEFAULT 0 COMMENT '删除标志',
  `VERSION` decimal(10, 0) NULL DEFAULT NULL COMMENT '版本',
  PRIMARY KEY (`PK_USER`) USING BTREE
) ENGINE = InnoDB CHARACTER SET = utf8mb4 COLLATE = utf8mb4_general_ci COMMENT = '用户表' ROW_FORMAT = DYNAMIC;

-- ----------------------------
-- Records of zen_sys_user
-- ----------------------------
INSERT INTO `zen_sys_user` VALUES (1, 'admin', '9R7Zf7+a95ofxDbawSLqoA==', '超级管理员', '', '', '男', '研发部', 0xFFD8FFE000104A46494600010100000100010000FFDB004300080606070605080707070909080A0C140D0C0B0B0C1912130F141D1A1F1E1D1A1C1C20242E2720222C231C1C2837292C30313434341F27393D38323C2E333432FFDB0043010909090C0B0C180D0D1832211C213232323232323232323232323232323232323232323232323232323232323232323232323232323232323232323232323232FFC00011080429043803012200021101031101FFC4001F0000010501010101010100000000000000000102030405060708090A0BFFC400B5100002010303020403050504040000017D01020300041105122131410613516107227114328191A1082342B1C11552D1F02433627282090A161718191A25262728292A3435363738393A434445464748494A535455565758595A636465666768696A737475767778797A838485868788898A92939495969798999AA2A3A4A5A6A7A8A9AAB2B3B4B5B6B7B8B9BAC2C3C4C5C6C7C8C9CAD2D3D4D5D6D7D8D9DAE1E2E3E4E5E6E7E8E9EAF1F2F3F4F5F6F7F8F9FAFFC4001F0100030101010101010101010000000000000102030405060708090A0BFFC400B51100020102040403040705040400010277000102031104052131061241510761711322328108144291A1B1C109233352F0156272D10A162434E125F11718191A262728292A35363738393A434445464748494A535455565758595A636465666768696A737475767778797A82838485868788898A92939495969798999AA2A3A4A5A6A7A8A9AAB2B3B4B5B6B7B8B9BAC2C3C4C5C6C7C8C9CAD2D3D4D5D6D7D8D9DAE2E3E4E5E6E7E8E9EAF2F3F4F5F6F7F8F9FAFFDA000C03010002110311003F00E9852D20A51D6B9CE81C29E29A29E07029301C29E29053C521A145385029454B2D1343F7C56843F7EB3E1FBE2B422FBC052412D8BC9532D4318CD4E056B15A18498EA5A053AA841452D14086528A5A28189452D140AE252D14B40C4C518A5A2810DC518A5C518A3400A28A2800A2968A004C518A7668CD00371415A5A0D00478A314E3D692804C42298454C698695863314DC5498A6E2A6C0308A69152914D229587723C5371526293149A1A23DB46DA7E28C526319B68C53F1484500308A6E2A42293140EE478A3152628C520B91E28C5498A4C530B8CC518A7E28C5017198A314B8A3140098A314EC518A1011E28C53F146280198A6EDA7D2500331498A929B400DC518A7518CD301B8A314B8A31400DC518A7628C5003714629D8A31400CC518A7E28C531DC8F6D1B69D8A4C5017136D1B697146280B8CDB46DA7E28C50030AD26DA56A050037146297146281898A314EC518A421B8A5C52E297140802D380A00A7814C2E26DA50B4B834EC502B89B69714629D8A043714DD94FA4A00662936D3E9B834009B68DB4B4503136D376D3F349405C6914114F229A4503B91E28C714EC518A00888E6908A908A42B4EE2198A6E29F8A4C500371462971462980DA6D3E92801B8A5C518A76280184714DC7352E2A3239A0428A5340A71A0061A29D4502B8DA2968A601453A8A006D14EA28019452D1400538519A5A06368A75140AE600A78A60A70A92C78A783C53053C74A0078A70A68A70A0B4878A78A60A78A89022687EF568C5F7AB3A1FBD5A317DE14931CB62EC7D2A715047538AD62F43096E3875A753475A7551214514500145145002D14514005145140099A33451400B451450025145140AE14514503168A28A004A28A2800C518A33466800229A453E8A008F14629F8A3148761845308A988A611C5481115A36D3C8A4C521A6331498A9314DC521F311E28229F8A08A057198A314EC518A02E3314629714629318CC518A7E28C50D086628C53B146290C6628C53F1462980CC518A7E28C503198A4C53B14629D806629314B8A314863314629D8A31400DC518A7628C5500CC518A5C518A004C518A5C518A4C031462968A603690D3A8A006628C53E8C516023C518A7628C5160198A4C54845371400C22908A711484530198A5C53B14B8A0A1B8A314EC50052258628C52E29D8A0000A51DE968A4262E29692969885A28A2800A31451400DC518A5A280131462968A004C53714FA4A0069A434F22908A008E929F8A4C50034D21A7114845003314829F4869DEC323228229E4521145C08F6D262A4C52628B80CC514E2293140094629D8A4C531098A314BCFA52D201B8A314EA2801B8A314EA2800C518A28A6025252D266800A28A2818628C514502168A28A62300528A68A5152DD8B1E2A41518A78A064A2A41518A9050C6870A70A68A70EB50C689E2FBD5A117F09AA117DE15A117DD1496E0F62F47528A863E9530AD16C6525A8E14A69077A535643014B48296810514514000A0D028340C28A28A04145145002D14514009451450014514503168A28A004A28A2800A28A2816C029C2905385002518A28A06069A4538D21A4323228C53C8A00A9681323C53714FC518A2C033148453F1484520198A42314FC50452B0C8E929FB69369A4313146297146280198A314EA4C500368A5C518A602514B8A3149B0129A7A53A928B80C229314FC518A063314629F8A31400DC52629F8A6E2A806E28C53B1462801B452D14AC30C518A5C526280131498A76283540329A69F498340AE3694518A2818537069DCD2E296C1723C52629E45262900DC52E38A5C504715417198A785A314F02900CC52D3B14628B0094A0518A5A090A28A2800A5A4A5A0028A5A280128A28A04251451400514514005252D2503129B4EA6D080434D34F3486801B462968A0A1868A7114628131B4DA7D250218452629F8CD18A770198A314FC518A006628A5A280128A28A0028A28A0029296928B80DC5141A4A005A28A284CA0A2968A620A28A299273E2945341A70A92C78A78EB4C14F140120A78E82A314F5EA28289053C530548A326A18D32C43F7855E8FAE2A94439157633834AE0CBB1D58155D3A55815A459949D98B4EA6D3AA896828A28A64B0A28A2800A28A2800A28A2800A28A280168A28A00290D2D140094518A3140051451400B4514500145145002D14514005145140C5A4A5A4A00314628A29086E29314FA314AC1719B69B8A929306958A19B69315262936D2B011E2931526293140EE3314629D8A08A96223A4C0A79A4340C6628C529A2818629B4EA6D20108A314B4530131462968A60262908CD2D25218DC518A751400CC0A36D3A8A62B8CC518A7628C5318828A5C518A006E28C53A8A006629314E1494DB01A452629F462A6E0371494EA4A602628C53B14628023229314FC518A2C3100A514B4502614514502168A28A0028A5A280128A5A2815C28A28A06251451400945145020A28A2800A434B45031292969286034D21A53486800A28A2818D34B4869680B898A4C53F14DC502199A334EDB4DC5301690D028A5B0098A4C53B1415A0065141145300A28A2801690D2D2520187AD14A473460D301714629714628286D14628A0028A28AA20E7734E1D69B40A92C985385345385004829EBDE9829EB40C78EB53275A8454C9DAA18D1662EA2AE275AA717515713AD4A1B2F4553AF6A822A9D7B5688CA5B8B4E34DA75510C5A28A298584A28C518A620A28A2800A2968A0028A28A0028A28A0028A5A2800C518A5A2801B452D140051451400514514005145140C5A28A2800CD19A31462800A28C518A0028A3146280128C52E28C5206C6D14B8A314804C52629D8A3148644450453C8A422A5A02322908A791484500444734629E4518A4C698CC518A7E28C5218C229314EC52629A01B452D1400DC518A7628C0A180DA2968A4036929D494C42628C53B146298C6D14B453189452D1400DA4A752500328A53D692800C518A5C5007340098A314F028C502198A4C53F1498A006E28C529E28A630C518A5A29084A2968A6262514B4500145145200A4A5A4A62128A28A43128A28A0028A28A0028A28A004A0D2D2503187AD140A5A0625253A9B4EE0251451484C5A6D2D1400868341A0F03340094503919A5C5002514B8A31400C229A6A434D3400DA2968A602514514804A5C51494005145140C292969298C4A28A2A8939DCD203CD2E2900A91930E829E298BD29E2818F14F14C14F1414482A64ED508A993A5448699622EA2AEC7D6A945D455D8FAD4A132E4556476AAD15581DAB4899CB71F4A69B4B4D2207514515431714628A29884A28A281052D252D0014514500145145002D145140051451400628C518A3140C314628C518A00314628C518A0028A28A042D145140C28A28A0028A3146280168A28A00314628A2801768A4DB4A296900CDA693152629B8A2C033148453C8A422A4644452115211485695808F14DC5498A402A406628C53B146290EE3714DC53B1462985C6629314EC526281894A2928A180B41A4A28012929692848028A28AAB0C28A28A0028A28A0031498A5C518A006114629C4521E280131480734B8A502800029714A0518A043314629D8A31400C614DC53C8A4C50018A314B8A3140098A314B8A314084A28A29005252D25340141A283400869294D25002514514005145140D851451408290D2D21A0630529A4A281DC33499A5C5262815C4A2968A004A28A2818868341A0D030A05068140051451412069A69C690D003714629D8A31400D3C525388A43C5003692969280168A28A0625068A298C69A2834551273A6814E34D1480956A414C5E94F149943C53C53053C5050F152A741510A952A2434598FA8AB917DEAA71F515722FBD52265C8BA5581DAABC5D2AC0ED5A44CE5B8F14A6945069A2405385345385500514514C42514B450212968A280168A28A0028A28A0028A5A280B09452D1405828A28A061452D14009452D14009452D14005145140051451400B8146052D1400DA28A2801D4514500368A28A0028A28A0028A751486991914114F229A4520198A4C53F1498A4D011118A0D3C8A422A6C03314629FB68DA28B058888A695A948A69140EE478A314FC518A2C323C518A7628C5201B8A6E2A4C5262A900DA2968A004A2968A60251451480292969280034D34EA08CD003314B8A5C52E28189452D14098941A28A0571A68A5A281894514520168A4A29DC04A28A0F4A420A43480734B4C414514503128A28A6212929D494862514514005252D25001494B4940C6D145140094528A5A06368A75145C06D253E9B400941A28A004A05140A0606814B40A0425145141214DA5A281894DA7D2500328A5A280128A28A00283D28A0D318C3451DE8A7711CF514514C07A53C5317B53C54B289453D7BD3053C5031E2A44ED51D489DAA1B2916223C8ABD19E6A84479157A33CD48345D8BA5581DAABC556076AB898C89053A9A29D54210538534528A602D145154014514504851452E2800A28A2800C52E29314EC5030A29692800A29692800A28A2800A28A2800A28A2800A28A2801D4514500145145001451450014514500145145001451450014514500368A28A007521E94B45218CA4A7525201A452114E2282295806628C53F1462801845308E2A5229A47152D01111498A7E293140D31B8A314EC5262818DA6E29F4940AE328A75145C04C518A7629314C634D34D3CD30D03169296931400014114A050450213146297146280128A28A042514B450025145140EE2629314EC518A006D14628C500253A9B4EA042605253A9B4005252D250804A28A298828A28A004A4A5A4A430A28A2801334518A2818941E94506900DCF34518A5A7718514519A4014DA75369A00A4A7629B40C28A28A04C514869452134084A28A2800A28A2800348694D21A0065145140051451400521A5A434C04345068A77039CA28A29826483A53C53074A78A9650F14F5EA2982A4140C70E952AF6A8C74A913B5432913C5D455D8FAD528BA8ABB1F5A91B2EC756076AAD15585ED55131922414FA60A7D590C0D028A314218B40A281540385140A29882971494B4005145140052D252D00145145001453A8A006D14EA2800A28A2800A28A2800A28A2810514B4503128A5A2800A4A29680128A28A0028A28A0028A28A0028A28A0029B4EA6D003A8A6D1400EA4C52D1405C6E29314FA2900CC51B69D8146052B5C63714D22A4C5348A56023229B8A9714DC50D011E29314FC5201480662908A7E39A08A0061148053C8A6E290D3128A5C5349E68181148453A834C6328C538F4A6F7A5710514A3A52D3B809814869D4D3400D345068A2E014514502128A28A0028A4A2818514B4502128A28A00290D2D21A004A4A5A4A1009452D14C42514514009451452189494EA4A004A09A7601EB4D3D6818518A41D334B4009452E29290C28A28A042514A6929A430229A29C69B45C602834A3818A0D02B0C14134B48681051451400514514001A69A71A43400DA4A28A6014514520128A5A6D300A2928A6073B4B494B4C43C5385329E3B522D128A78A60A78A4F6287D4C950D4C950C68962EA2AE4679AA71F5156E3A91B2EC46AC0238AAB19AB00F4AA4672270714EDDCD440D3C0E2AC86878A51480D00D0242D14514201C28A05156014B494B40828A28A005A28A2800A28A2801D4514500145145002D14514005145140051451400514514005145140051451400945145002D1451400514514009451450014514500368A5C525003A8A28A0028A28A0028A28A4861486968A0061A4A7914DC5201B8A6EDA7E28A4033148453E908A008CD36A46191518A402E29B8A7518A0636929C4526281894D3D69F8A880E4834842D14B40A630A4A5A0D00368345068010D2529A4A004A28A280168A28A0028A28A04145145001494B49400DA4A5A4A1005145140094514531051451486251451400948696928284FE1C528E94D3C29A70E9400B494B4940B612834B463E60681A1314529A298C6514B9A31C5017105068A0D0020A69A70A69A4262D14514084A28A2800348694D21A006514514C04A28A2800A0D141A004345068A607394A29294531120A781D29829EBDA93290F14F5A60A7AD22878A993A5422A41C5448A44C9D455B8FAD544EA2AD466A46CB519E2AC29E95510D5946E94D3259614D482A056E6A506A8CD8E069C29A29C2A891D4B4DA5A100B451453016969B4B4C075140A298828A7514005369D482818B45206A5A005A4A5A4A042D1451400514514005145140051451400514514005145140051451400514514005145140051451400514514008690538D345002D145140828A28A06145145001451450014DA534B48698D34D14F3482900DC50453A8340119A6320CE454A7834D34808F14629D450037148453A90D201315138C30C54D4C65CD031945008DDB45140C28CD07A536818A69A69C690D171098A28A0D031B45145002D145140051451412C28A28A0029A5A9D4D2334084A28A290C4A28A298051451408290F5A5A4340C0D2529A4A0621A4C53A90F506818D7E2363E94ABF741F5A497FD4B7D29547EE97E940AE2D252D2500028341A075A060690D29A414C18829681452621B41A0D069DC6368A0D14818514514084A28A2800348694D21A006514514C028A283400941A43452D800D149453B81CED28A4A515421C2A45ED518A917B526522414F5A60A7A75A450F1D454829ABD05482A58D0F4EA2ACA1E955D7A8A992A0A2CA9E2AC2B74AAA878A9D1BA5026595353035594D4A0F354990D13034A0D301A70354412668CD3734ECD310A2945345385300A5A4A2980E06969A29734C42D3A9B4EA00414DA7536804C5A51450698C70A29A69738A43B0B9A4CD21346699361D45341CD385206828A28A0028A28A0028A28A004A28A280168A28A0028A28A0028A28A0425145140051451405C28A28A0028A28A0028A28A0028A28A06145145020A5A4A5A0614DC52938A0F34863683451400D229A45388A422A406E28C53B1462801A69A69C6A1B994411190AB301D9464D27A00FA08CD32199678C3AE403EA3069F4015846C252C4D3EA43D69857340EE461B767D8D3C0A4D8074A7814AC31314869691A980CA0D141A06368A28C5001452D1400514514084CD04E0668A6C80B2102801E391484E31EE688CE5052919A0435BAE29294F5A4A0029296928401450701493C0140218641A60149D4D04FCD8A052003D48A43C52F727D68A062514B4DDC37601A00186E523D681F740F4A0B0CE052D0014DEE452D14C6253437CE41A5076E7EB4C20862E0647A5171929A6FAFD2903EF1F7587D4518EBD686262AFDC14A2907DDDB4A280B08690D04D2D031A452529A314891B494B49400514514005068A0D0032814BDE8A1808690D29A4346C0368A28A004A28A28039DA51494E15603853D7B53053D7B5265120A7A75A60A7A75A43241DAA41518ED528A4C648B52AB62A21D29C2A196585353AB55553C0A9D4F4A422CA9A981E6AB29A943734D325A27078A7835083520355721A24CD2834C069C0D5124829C2983A528A1087514940A603A8A0514C070A78A8853C1A6006940A0D38500368A5A0D00329683D69298C28A28A002969B4B4031F45028A42168A334502128A28A004A28A2801696929734005252D2500145145020A28A2800A28A28012969296800A28A2818945145002D14514005252D25020A28A2818B4628A2801290F4A750690C8CD21A71EB486A580DA2968A02C2119A6B81B4E4669F41191CD0C0A76EADE5E48C726A7A79518C62931486D8C229A454A45308A3610CC5069714940D31A69B4FA4CD031B4D34EA69A0005005029C2801A78A2948A4C5002514B4DA00281CD140A00646DCB27A1A94D5746FF004E913D5011FAD4E680128A4A2800A6F5A71E6908A0007423B520C28C014B9C29A683914001EB9A28C51400948283482801C2A2E166205494CFBD2138A060E70A58751520E403EB51853B5A3C75E869627DEBB4F55F948A007D21A5A2980C22946474A0D0281864D068A4A0041D694D1DA90633C1A4C043D69474A43C914679C7A50002834E141A62233494A6901CD2100A0D02948A004A4A7530F1400B494B4943010D21A53486801B4514500251451401CED38D3696A863C548B518A7838A18C78A9075A8C5483AD21920ED4F1518EA29EBD45265264CBD29E2A34E9520ED50C6482A546A8453C1E6A58CB2AD5286E6AB29E2A556A045856A90367155C1A915BA55264344E0D3875A8435481A9A64D8941A78351034E06AC9687D2D252D301C28A0514C028A28A621D9CD3A994B408751451400DA28A298C296968A06D8DA414FA6D0028E9462928A005C9A75369D4C4C28A28A9105252D2502614668A280168A28A0028A5A280128A28A0028A28A004A5A4A5A0028A28A0614514500251451400B45145002514B4500251451400518A28A4021A434A690D031B4518A0F148028A28A40069B4E34DA00290D2D250030F5A6D38F5A6E28B809494B8A315234C61A6D3C8A6E28630A2971460D0806D14514C0434D6E99A762908A006D2814C660AD83524672A0D202331E2ED5C0E8841A7B1E0D484E6AB5C318E32C3B50C07D140FBA0FA8CD14805CD1466909A631A7EF6292973CD00649A601451450021E149A6F714E272B8A6903209ED4001048E0D2818503BD221DC338E29F8A18C683CE4F6A6842B3975E5587CC3DE958718A071814900ECD2534E739F7A7D500D340EA694F6A6FF1350028A0F4A0514000E06298BC9623A53C9C02698830A49A00753304393D8D390E5694AD20014503DA8A6046E703351A1CE4D3E5FBB4D45F96860482948A68A71A4034531FAD3CD34D048828A28A4021A434A69A698098A0D216C52E6801A68A28A00E7A969296AC63C5385329E2900F14F14C14F5A45128EB4F14C14F4E949948980E2A4515128E2A751C0A918E029C050053C0E952C628A5DF8A502918669012A9C8CD480D56462A71DAA50F4AE2689C353C35401A9E1AA9325A2756E95203502B74A955BA55A64B44A0D3C1CD460D3C1AA245CD2E69B4B4C4D8ECD19A4A29885CD3B34DA5A007668269334531062940A01A7669B1DC28A28A4014628A2801B8A314502A81B0A75252D2B8052D252E69084A4A5A4A0028A28A042D2D252E6800A28A28185252D25001451450018A28A28105145140C4A28A2800A2968A004A28A280168A28A004A28A28105145140C43486948A42290C4A4A752500251451520148452D140098A43D29D48680233498A7514806629B8A7E2931400DC537152629B8A077131411C52D21E9405C8CD20A534829318B498A5A298104ABD4D3E024C7CD130FDD9A48384A9EA04B4C9002B823229F51124B1CD0C051D28340A0D1618941E94521A076107534742451D281CB134C00F148694F5A43C53105231DAA49A70A6BFCC40EC3AD2B8C48B85A7669471494C04A4FE35A5A43400A6969B4B4201A09E54F50734BDC9A8DF2AE1FB6706A538A602514514008FF70D373FBB38A71200E6999F94D00394FCA2827209F4A683F2E693208600E78A5701C0E69F8A8D3851520A6046E3231401818A09C9A2868068FBC694D03A93486900521A514868244A28A29008690D29A434C069A4A53494009451450073D4B494EAB18E14E14D14E140C70A78EB4D14E1D6A463C54C2A1152AD26522C20E956105409D45584A963250BD38A902D35054EA3A52B036342E7B532442A335602D23A6548A1A15CA98A752EDA5C54942834F06980628CD24C44CAD5206E955C1A915BA552761491683669E0D42879A941AD13B99B4482814D0D4E0D4C9685A5A6D2D3B885A5A6D2D002E6969B4A2980F14E14D078A2989A168A28A005A28A280128A28A00296929680128CD145002D252D2500145145020A33451400B45145030A28A2800A28A2800A28A2800A28A2800A28A2800A28A2800A28A28185145140829296928130A28A280168C514505094DA75252B00C341A0D0690051494520B8A68341A0D00328A5A2801A6929C45250034F5A6D3E9B4806E28C53B1498CD03440C7009A05433C8EB21408CC07F76A488B1504823D8D48CA968FA8BDCCBF69485220DF205C9623D4D5EA5A4C5500D71B908A8E252A306A534C0306A5EAC63C534AD385231E38A006818A0F4A53D2999A600683450690C4A28A2800A4EA69690F1400B494520E8053402D1D4E28A0D500D1D683CD078A072C050028A0D229CE7D8D29A008E5FB9F88FE74FA8DF918ED9A78A1B01D41A28A130237E299D14D3A51903EB4D27E5343017F805357183834F1CA54606D8DB8E739A404A9F7294F029911F901F5A73530128A28A5B009494B49420128A28A0425369D4DA1080D34D38D34D00069294D2500251451401CF52D252D58C78A70A68A70A063853D6983AD3C54B18F153274A8475A993A5052274EA2ADC75513A8AB71F4A8632C20A99054682A651C516258E029E00C1A4029E075A7B92DD8A7226D63E869B8AB6E81D706ABEC3920923159C9169DD0C22908A7E314948771A0E29C0F34845203D68B832CA3D4A1BA55456A915FA55264B45A069C2A156A901AB4CCDA25CD2839A8F34A1AA8561F4B494B4EE20A5A4A5A2E085A052D06926028E94B4DCD15403A8A6D14C43A8A6D1400EA29B45003A8A28A0028A28A0414514500145145002D145140C28A28A0028A28A0028A28A0028A28A0028A28A0028A28A0028A4A2800A28A2800A28A281051451400514628A0614DA7D252B8C6D2114FA423228124331494A68C503128A28A900A28A280034D34E34D34009494EC53714804C5211814EA42322981084C331EA4D0569F8E682293431B9A69A7D21E94B60B919A0D068229D8625253B14DC5030A60EA69F4C7F97E6ED4005141EA07B668A9181E948872A09EB48DF7681C0C0E9400A683D68341A004A6FF16E1D2958654FD280BF28F614C028A28AA010D28FBD483924521E08A0013A1FAD3BBD354E29D45C061396DB40FBC57D29071213437DE2F4B701C4E7A500E69AA72334ABF7DBEB42011CE314CEC6A53C9CFA546DDCD0C0553F28A1C6637FF7684E501A33C30A431B102225CFA538D03EE8A3154DD8425145152025252D25300A6E69D4DA180B494B49484069869E698698843494A69280128A0D1458673F4B494B5603C5385345385031C29E29829E290C78A913A5462A44E9498D32CA75156E3E95513A8AB71F4A929B2D274A9D6A04E82A65EF410C9453FD69829E29A25899A42A0F5A7628C50D262BB2BB4447239A88E57922AEE2A32BCF4A871EC5A91509C9CD18A99E318C81834C0B5162F986014F53CD348C500D0981386E29E1AAB86A786AA4C868B01B34E0D5006A786AA5226C4E0D381A881A786AB25A1D9A7669B9A334087E697351E69D9A005CD2D369680168A5A4345C05A28A5AA06C4A28A298875145140828A28A06145145002D1494500145145002D14514005145140051451400514514005145140094514502614514A280B898A29E066B3F56D6F4AD0AD8DC6ABA85BDAC7D8C8F827E83A93409BB1769D8AF23D77E3EE856819346B39EFA41901DFF00769F5E79FE55E67AB7C6BF18EA5B961BD5B143D16DD3040FF78E4D351B85CFA9999114B3BAA2A8C96638007B9AE5B53F893E12D1F78B9D66067538D911DEC7F2AF946FBC49ADEA9BBEDFAADEDCEE39226B8661F9138ACB6724E4924D57285CFA52F7F680F0CC19FB258DFDCE3A12AA80FE673FA5654BFB46DA043E5787A527B17B803F92D7CFC2929F2A0B9EDF2FED1B7ACC76787ADC0ED9B96FFE26917F68DBF19DFE1EB663EA2E587FECB5E23453E5482E7BCC1FB46E40F3BC3783DFCBB9CFF35ADAB0FDA07C3B70C16F74FBDB4CF5650B201F9106BE6D228CD2E54C3999F60E9DF11FC23AAE3ECDAE5B2B1FE194946FC8D7511BA4D1AC913AC88DC8653906BE16DD5ADA5789B5BD15B7699AB5E5AFAAC533053F519C1FCA9388D33ED3C5078AF9AF41F8EDE21D3F09A9C316A310EACDF23FE63AD7AEF85BE2AF86BC4E1615BA5B3BD23FE3DEE0EDDC7FD96E86A5C585CEDA8A3D0F623228A96AC50945145480629314B49400941A28A4034F5A61A929A6980DA43D29692900C228C52D140D31B8A4C53A9281898A42B918A5345032004EE20F634A4F39A36FEF8FD3343FDDFC6A4607A5253FF84FE54DE338F4A0029A69C7814DEA28017AD07B8A4A01C8CD0021A28A2A80314DEAE29D4C539626980FE941A69EB4E1C8A062639A08CA9148694F208A108146140A6A7FAC63DA82318A701C1A0053C0A89FEE9A90F0299D73498027FAB03DA947F17BD353A6283C1C5002D07A514D34800D14514C02929692800A6D3A9B430014628A0520621A69A71A69A648941A2834009451450073B4B494B56343C53C5462A4140C7D3875A68A70EB498C78A993A542BD454C948689D3A8AB71F4AA89D455B8FA548DEA5A4E82A65A893A0A996912C913BD3C5317A1A78AA25B1D462814504DC4A434B49499488645623038A684AB18A61152D0EE4250118A8D976D5822A391722A5A293D484353C1A663069471414D12834F079A84353C30A688689C1E94F06A10D4F0D54992D12834034C0D403542B12839A5A8C1A7834C5B8E06941A68A050225073453453B340051499A334C05A28CD19AA1051451400EA29B45003A8A28A005C518A33466800C518A28A0028A28A0028A28A0028A28A0028A28A0028A28A0028A29934D05B5BBDC5CCA91428373BB9C051EE6810F0A5BA0ACAD7FC4DA3785ECCDCEAD7F1C191954CE59BD82F5AF32F187C76B4B032D9F86E217528E3ED4FF701F551DFEB5E0FACEB7A86BFA83DF6A7752DC5C375676271EC0761ED4D46E23D77C4FF00B405DCCED6FE1CB25B784647DA273B9DBDC01C2FEB5E43ABEB57FAE5E35DEA3752DC4CC7259DB23F01D0566E79A5AD146C4B621A4A5A29D8570CD36969B45862D14514005145148028A28A0028A28A062D019948209047208A0D1401DFF84FE2E788BC32160926FB7D92F1E4CEC4903FD96EA2BE84F0878E349F19D809EC25093A8FDEDB3B0DE87FA8F7AF8EC8AB9A76A77BA4DE25D585CC96F3A1CABC6C54FE949C6E8699F6ED15E47F0F3E325BEB2D1695E2178EDEF09C4773F75243E8DE87DEBD72B269A1A614D34EA422A4A128A28A00314C229F48DD28023A4A5A4A004A6D3A9B498D0629314B40A010C228C538D250323231367FD9A630CD4A465B77B629A6863117918A8D392C7DEA5151AAE33F5A5618A45309F9B1525308E7345C0439D87028030283CA91403424021E84D2839A427E523D6814C60D93C0340C0E2803E6C9ED411F3669DC000A0507A51D76FBD2002714D07269EC2983B9A007119A52718A6C6772034A4714C435F85FA9C5038A3EF28FAD079A4020E053036E73ED4F270A6A38D76A927A9348094530F5A7D30D30128A28A0028A28A006D18A5A290AE2502969280B8C341A534869882834506801B451450073B4B494B5634385482A31520A063853C75A414A3AD4DC078A953A5442A54E9432916178356A23915556AD4550D94D1692AC2D574AB0B4D1048B4F148BD29C2A8CDBD4514528A29021B494EA4C52631292969295862114D65A7D14343B954A1C9A465C559238A888A8687CC458C528341141FA5055C786A7AB54229C0F4A68964E0E69E2A156A786CD5262B0F069C0D4629C29DC9B120A75474A29DC91F9A7034D14B4C07668CD25145C05CD19A28AA01696929680B0B49452D00D0B4514531051451400B4519A334005252D25002D145140C28A28A0028A28A0414515CFF8C3C61A5F833486BEBF75691B882007E691BD87A7BF6A12B88BDAFF008834CF0CE9726A1AA5C08A251F2AFF00139FEEA8EE6BE6BF883F146FFC6137D9ADC35AE9919C2C1BBE67F76C7F2AE6BC57E30D53C5FAA4977A84CC537131420FCB1AF600560139AB5125B063F366909A6E71475AA484069314945300A28A2800A28A2800A28A2800A28A28189451450014B4945002D14945002D1451400E43B581F4AF7AF853F15965587C3FAF4C438F96DAE98F07D158FAFA1AF0314E562A4104820E722935743B9F73138A335E61F073C72DE23D15F48D425DDA8D8802363D658BA03F51D0FE15E9C2B16ACEC527703494B46290C2929692900D3ED4C34F34C340094DA7536931A0A29D451610D3494E34940C69A6914FA6B702818DE94D1C67EB4E072334D6E081EAD43181E94D7FBB9A79EF4D93918A4C64401EF4B8A76306900E49A60262909ED4AC7B533A30145C071FBB4A3A521FBB8A51D2818D1C934B8C6DA4C60D2B75068014F34CEE47A0CD394EE14C3C4C7FDDA00580FEEFF1A79E86991709F8D398F14C4440E00152F41517F128F7A95BEE91400D3CD37A0A51C0C5275A9010D0687E02FB9C514C00D068341A004A28A280128A28A4212928A2988534DA0D25001486969A6980868A28A00E7A969296A8638548BDAA31522F6A4C63C74A70A41D29475A403C54C9D2A1153274A0B489D6AD455556ADC550D05CB2BD2AC2D574A9D29A2593A5483A1A8D2A41D0D519B1C28A05148571B4628A29363B88453714FA31405C6E29314EA4A0771A4544454C69845482644569A56A52B4852917721346714F2BCD308C5218E0DCD481AA1069EA698344A0E69E0D440D3C1AA4C96480D381A8C1A703548863E9D9A8F34B9A62240696980D381A005A5A4A5A010B452668CD500B4B4DA70A007514DCD14C43A8A28A004C9A326928A0075145140AE2D14B4A10F7A02E368AC7D67C5DE1EF0F26ED4F55B685B1911870CCDF451CD705AAFC7EF0E5A291A6D95D5EBE782C362FEBCFE9459B1A3D580CD0149E82BE7CBBF8DDE32D518A68FA245083D36C4D2B563EB1E22F8A7269D2DEEA17B776368A32C46D87F018F9B3469DCAB3EC7BE78B7C61A4F83B4B7BCBF9D5A5C62281581691BB003B7D7B57C9FE2CF14EA1E2FD765D4AFDC924958A307E58D7B003FCE6B2AEEF6EAF65325DDCCB3C87AB48E58FEB55F7568958CE4149452532429B4EA6D001451450014514500145145300A28A28185145140051451400514514005145140051454B0C324F208E189E472701514927F01401152D74B07803C557310963D0EEF6B74DC9B49FC0E2B1F50D2750D2A7F2750B29EDA4FEECA8549FA67AD2BA1F2BEC5AF0DEB975E1CD76DB54B47659217048071B97BA9FA8AFB0B49D4ADB58D2EDF50B370F04E81D4FA64720FB8E95F138AF70F80FE2994DCDD786E67DD1B219EDC13F7483F301F81CD4C9751A763DD68A28AC8A0A0D14500308A08A522908A4C061A6E29C78A2905C00A08A7814D6A6047494E3D69B480291BEE37D2968232A47A8A06431FF00AB5A187EF16851B460F514A39624D265214F4A61A929BDE81919E06696948A6BF086981131DCDC52819DA691796A79E08340050291583671D8E29D4AE031A81CB014ADC2E69073D28B80D89C12E01FBAD8A6A9DF3484741C0A647B52E190725BE635305084E3B9C9A603B185C0A603CD3F3914DC5301847CE2A4269A47CC2945001494B49520232EEC7B1CD04714E27151BFDD3400B4942FDC145300A28A280128A292912C5A6D3A9B4D00869294D250014869690D003714500D14EE073B4A3AD2528AA04483A53C53053C5265120E94E14D1D2945218F152A74A897A8A992819612AD455552AD45520594A9D2A04A9D2844B275A90531453C5510C751451484368A28A4014514520128A5A2801869A6A434D34C6368A5A293434C8C8A8D96A7A61152CA4CAFDE9C38343AE0E7B1A4CD2D8AB92034E06A2069C0D34C4D12834F06A2069C0D55C5624069C0D440D3C1AA4C91E0D381A6034A0D3247E69D9A6E68CD002E68CD145301C28DD4DCD2D30141A514D14A2801D4514531052E280326B93F14FC4AF0D78515E3B9BC5B8BC51FF1ED0619B3E84F41F8D1AF4133AE033589AE78C3C3BE1A53FDABAA43148067CB53B9BFEF91CD7876ABF15BC65E3191ACB41B692CEDD8F48172E47BB761F4AA1A6FC2ED4F5394DD6BDA8088B36586EDEEDF535152AD3A6AF276358509CF6475FE22FDA0611BADFC39A5BCAFDA7BAE07E0A39FCCD720FAD7C48F199E6EAE60B6723714FDD263D7D48AEF34CF0B683A2AAFD8F4F89A451FEBA4059B3EB93FE15AC5D88C7403B0E9F9579D5B368455A0AE77D2CBDBD64CF3C8BE16D93CFBEFB549A563CB055E49F726BA2D3BC15A069833158ACAE3F8A7F9BF435BE0669718AF2AA6655A7A5CEE8E16943644712EC2A91E2341C05450A07E55E45F137C50DA9EAABA65B4C4DA5AF0707867EE4FD3A7E15DFF008DF5E5F0F787E4646C5ECF98E15EEB9EADF97EA457804AED2485D89258E4935EC6594E528FB499E7E36A28FB914373499A4A2BD73CB63A8A6D14843A83482BD0FE1F7C3B87C596573797B732DBC11BEC8FCA504B10324F3F51436A2AECA8C5C9D91E7BD293D2BD9AF3E084250B596B2437A4F1F5FC41A9743F837158DEC373A96A2B388D837931210091EA4D67EDA36DCD3D848F1A86DE59E658618DE4909C0555C927E95D7E99F0B3C4FA8C42436A96A87A1B87DA7F2193FA57BC58689A56973492D8E9B6D0CB23166754CB127DFF001ABE4B375358CB136D91BC30A9EAD9E2F07C12D4193FD235AB38E43D1523665CFD4E3F9562DFFC26F14D94A561B68AF13B3C320C11F46C115F40E3914F06A3EB32EC6AF0B07A23E68FF857BE2ADFB7FB1E7FAF1FE35A169F0A7C5774C01B38E11FDE9645515F43514DE265D84B091EACF1ED3FE0948577EA5ADC51B778EDA22E7F3623F953B51F822DE596D2F594771D12E632A0FD1973FCABD7CD201CD4FD6645FD5607CF375F0ABC556CC42D88987F7A29148FE75423F87DE29925F2C68D701BDC003F3CE2BE97A3A552C4C887848F43C3747F831AD5D307D4EE20B283F8803E649F801C7EB5DAD8FC21F0CDAA8FB47DAAE9BB9693683F82D77879A2A258893D8B8E1A0B738CB9F851E129E2291DACF03766598923F035913FC13D15C7EEB54BC8BD032AB7F857A5518A5EDA7DC7EC20FA1E6B67F0574585C35D6A37570A3F8550267F9D76DA3F87745F0FC4134DB08A26C60C846E66FAB1AD4C526293AB26B565468C62EE908C4B556BBD3ECF5187C9BEB68AE633FC322861FAF4AB4452018A95392EA68E316ACD1C6DFF00C2CF0C5E44E21B57B59187CAD1B9214FFBA4D79A585B5EFC33F88F6125D10F1A483F789D2489BE5247E07A57BF035E75F1874C4B9F0DC3A905C4D692AAEE1DD5B8C7FDF58AE8A355B7667355A11516D1EDC8E92469223064750CA47704714E15C87C31D65B5EF00E9D70EC1A5857ECF21CE795E39FC315D70EF5BB4710B4DA7D2545806514E34500D8C614805388A00A42B8A0531FA548299276A0647EB4C1D33527AD3050D8D3129C3B52528A43440E31718EC45388A73AE594FA5368185252D2531884F15139F94D4A45432F0A68D80645F3293EF4F1440BFBAA5A008E1FE3FAD4869910C6EFAD3DF85348089DB3113EF52463E519EE3355E3DDE5303DDB22AD27DD1F4A0654B753FDA1764F51B71F4A9DF86341016E25900C2B281F952BA965623FBA6801A395DD45247F342A7DA81431087AD2D34F5A5EF400EE94521A09A4014D7FBA69690F340083EE8145145300A29B45170168C52518A42129296929880D2529A4A004A69A7E2984500368A28A76039FA51494A2A810F14F14CA7AF6A4CA2414E1D69A29C3AD201EBD6A65A853AD4C940CB0B56A3E95556AD4552DD865B4A9D6A04A9D6844B261D29E2983A53C53D8863A8A05140B6128A28A004C518A5A280128A28A4014D229D4845201B8A6E29D8A3140C6D21A0D28A4CA4C8D977035091838AB24546E99E475A968772106941A369EE28C628287834E06980D2834C4480D381A8C1A703CD52622506941A6034E06A93218FCD19A4CD2E69DC43C1A506980D381A6019A334668CD301C2945301AA3AD6B9A5F876C1AF755BC8ADA2032031CB31F40BD49FA5006880CDD0572DE28F88DE1CF08AB25EDD7DA2EC0E2DEDFE66CFA1EC3F1AF31F167C67BFD699B4AF08DBCB12BFC86E0A93237FBA3F86B0344F865797B30BCF105C345BDB7B460EE91BDC9A9A95614D5E4EC5C28CEA3B23435AF8ABE29F1B4ADA6787ED1ECA06E0F94DB9C8FF69BA28FA53746F8570A38B8D7AEDA6998E5A18CF19F76EE6BBAD3B4EB0D1EDBECFA6DAA41177C0F998FA93D4D583C9E6BC5C4E6CDB71A6AC7A9430315ACF56436D6B6D6102DBD9411C312F4545C66A60C49E4D18A51C578D3AF39CAF267A0928AB243B14B8A3349BAB2BDC62818A503240A4AC5F15EAC344F0D5D5E06C4CCBE5C5EBB9B8C8FA75ADA853752A28AEA454972C5B6790FC41D77FB63C452246F9B6B6FDD4601E0E3A91F8D7203BD3A476776663924E49A6D7DC52A6A9C1456C8F99AB273936C4A29692AD998514502900A2BE96F8696274FF01D82B0C19834A7FE047FC315F385A43F68BA8A10325DD540F5C9AFAD2C6DD2CB4DB5B58D4288A25518F618AC3112B46C756163795C979392682334B4570B3BC6E28C5145030C518A0D140D30C518A28A43129714525002D0466928A005C5251450019A4CD19A4CD020A28A28010D2521A298C7D60F8CEC5350F05EAF0376B76917FDE5F987EA2B7BD6AADDC3F68B2B8B72389626423EAA45541DA4899ABC5A3CFBF67CD78C779A9E852B7EEE551711027A30E180FA8C7E55EEDDCD7C93E06D797C1FE3886FA70C60859A29B6F50A7835F56E9FA958EAF6315EE9F731DC5B4AA0ABA1CFE63B1F6AEF9773C92D51451523128A314526020A28A29005324ED4FA638CE2815C60A4A5A4A0614D14EA4A43B8D3C834CA92994C61482968140C43D2AB4DF747B9C55A355A6EA07FB428632544DAA00F4A611F31C7D6A7C7CA2A16E18D0031075F7A73F2AC3DA95170B9341E87DC62802AA0F940AB20715144329F43530A4321B9FF0050DEECA3F5A97B62A3946F2A9DB3934E1C5302251B7283D7814A0629C461B7537A9268B05C42BCF14528E38A0F07143100A43D714A283520201485A94530D301C28340A0D00328A314629005141A4A620A28A28109451453130C5348A7521A011191452E28A0673B4A28A05500FA78A60A78A96326140EB40A075A063C75A996A11D6A65A0A274EF56E3E95512ADC750C0B29DAACA5554AB094D0A489D7A53C5317A53C533263C514DA050171D4514500251451400514521A00297B52506A4069A4A53494C698945145031B4134EA6D26806114C231DAA6EB4C2290EE47452914522805381A68A70A1087034F06A2069C0D526225CD3B35183C5381AA247034A0D341A50698587D2AAEEEBC01D6A0BDBEB4D32C65BDBEB8482DE15DCEEC7000AF06F1DFC63BCD79E4D1BC34AF05A39D8D38FF5930E0617FBA0D525D41B3B9F1BFC61D27C2EF25869482FF525F95B07F7711FF688EA7D85790258F8A3E25EB0D7FA84CDE4E79964C848C7A28FF0ADBF0A7C3543B750F10333316DCB6EA793EEC7FA57A2AEC8E258A18D628946D54418007D2BCFC56630A578D3D59DB87C14A7ACF4451D0F41D33C37642DEC2053291F3DC30CB37D3D05681666EA690528AF9CAD889D595E4CF5E9D38D35642D28E94525739A5870A4A0D14AE161D45368CD30B0F15E5BF17EFD966B0D3D5CE0219587D4E07F2AF5015E15F12AF7ED9E33BB5072B005897E8073FA935ED64D4B9AAF33E870E3E7CB4ADDCE3CD0683486BEA19F3E145145200A28A70E9401D0F816C0EA3E35D2E1C65567591BFDD5F98FF2AFA80FB57847C17B3597C517574CB9FB3DB90A7D0B1C7F206BDDAB8F132F7AC7A186564D8DCD19A28AE73A828A28A40145068A434C28A052E280B8945068A02E251451405C2929692980521A5A28B05C6D14EA2818DA434FA0AE6801A2900F980A763142A92C314D68EE07CD73DA42FE3CB9B2B8CAC2F78E8E47500B1AEBECAE7C41F0A7573756C4DDE913300F1938561EE3F85BDEB98F114623F89B7718E01BF18F6CB0AF679ED21BCB630DC46B246CBB5958641ADB1189F63CADECCE5A5875594975476FE19F14699E2CD296FF004D9B72F49236E1A36F4615B6057CCD7506B1F0D35E4D5B46918D939C3A372B83D5187A7A1AF76F05F8D34EF1AE942E2D1963B98C0F3EDCB7287DBD47BD6F194671538EA8E4A94E54E5668E8F1C52114F26984D24C9128A28A6025252D25260348A662A434D345C06D34D38D25034C6E2908C53E91871405C8CF4A6AF201A791F29A6AF0805030270B9A8E55DC322A56FBA690F4C7B5218A8C0A0A630C9A54FBB4B8A0061E94839C0A71A1461B34C646136678EA734E1C0A74BF733E94CFE1FAD4D806463712E7B9C0A71181401C6074A534EE046D4DA7E3E6269878CD3010E293BE69C3EED37F8B14580283DCD2D0795C500203484629070C2A47C6DE2801948294D20A4262514514841487A52D21E9400D345068A6014A292834098941A0D21A60868A281450339E340A0D02A8078A78A60A78A4CA26140A68A70A403C75A956A21D6A55A194584AB71D544AB71D4480B2953A5575E95613A5098A44E3A53C53074A78AA33680528A414A28B085A28A280168A28A000D252D21A1809494B495201494B494C77128A28A06251451400DA434FA69A40308A69152914C2290EE368A5A290C2945252D0805069C0D3334A0D55C4480D677887C45A5F8574C7BFD52E044AA0ED8C72CE7B051EB595E33F1AE9DE0AD30CF72566BC901105B03CB11DCFA2E7BD7CF72CFE21F897E21325CBB3966E3A88E15F41D80FE7571B25CD2D8126DD922EF89BC59AEFC4ED645AC08C968AC4C76CA72AA3FBCC7B9AEEBC2DE0BB3F0DC4B24C16E2FB1F339E429F45FF1ABFA07876C3C3165F67B45DF70C3F7B3B7DE63E9EC3AD698C93935E2E3F316D38537A1EB61706A3EF4B71739627D69C28028CD782E4DEE7A16168A334669300A28A2900B45251400B9A4DD4B8A6E29A576028603249C281926BE6ED726F3F5BBC9739DD331FD6BE87BDBDB4B18D96EEE6281990ED576009E3D2BE70BC0A2F67DAC186F3823A119AFA8C9E9B8C5B679199548BB245734521A515ED1E40D145028A4014E34DA75007B5FC13B3D9A56A3785799255407D9467FAD7AA1E6B8AF85B69F65F03DAB11833B349F519207E82BB3AF3AB3BCCF528C6D14145266933599A8EA5A41505EEA363A65BFDA2FAE62B68B705DD236D193DA8486DAEA58A2B9F9FC7BE1483EFEB56E4FA2E5BF90ACEB8F8ABE138090B7524B8EE919FEB54A127D08E78AEA7634570DFF000B7FC287FE7EC7FDB2FF00EBD452FC64F0D467F750DE4BFF000003F99A7ECA7D83DA43B9DF515C00F8CDE1D68F2D6B780FA6D5FF001AAB37C6AD1907EE6C2E9FFDEDA29AA537D01D58AEA7A4D18AF2F1F1B2C1986ED2AE00F50EB5E81A36AF6DADE950EA16BBBCA946406EA0FA1A52A725AB40A717B334314983DA971CD676B5AEE9DE1FB2FB5EA3388A3270A3AB31F451DEA16AEC5A925B981E37D5750D26F3406B5B8F2A39EF0452AFF7949518FD4D41ADF8AA6F0D7C468AD352995746BA8030DCB8F2CE0F39EFC8C7E35836EFA8FC4BF14DA5E35BB5B68560E1A32D9CB9073D7D4E3F0AEC7C6FA6F87EE34A7D535EB36B95B242CBB1CAB376DB91D8922BA1452B2660E5269B43B4AF19699AFEAAF65A447737488A59A711ED8D7F13CFE95D0608EA315E2D6FF15B508447A7E85A469DA4D9B1C0C2B331F72C48C9FC2AB4171F137C50269ED3FB41A00A58BA0F2D401E878FD28FABDF62162128EBA9ED779A85869C85EF6F61B751DDD80247D0D73579F13BC2765902FDAE187F0C11B367F1E07EB5F3DDC5C5F5F5D6DB89A69E62DB40762CC589C639EF5D4DEFC2CF19E9F10924D126910A86DD0B2BE3D880739AB5868ADD912C5B7B23B3BFF8DB6AA4AE9FA4C8E3B3CEE17FF1D5CFF3AEBBC0FE24BFF13E96D7B7568B6E03954299C30F5E6BCBBC07AC697A5EB3168FAFE856C599F689E68F1244C7A0607A8FAD7BB0416FFBA5458D5785545C05FA0A2A46315A22E94E537AB3E74F1CB35AFC4CD4253C6CBA0E3F0C1AF6E4DAF1ABAF2AC0115E31F14EDA4B7F1F5DBBF02654957E8540FE60D7AFE9328B8D16C261FC76E8C7FEF915E7E6ABF751674E05FEF5A279AD21BD81E0B84592271B595870457985FE9BABFC35D7A3D6F45958DAB361947403BAB0F4AF551C536E6D60BDB592DAE635922914AB2B579983C74B0F2B3D533B313878D557EA6EF81FC77A778D74D1240C22BD8C627B663F329F51EA2BAA35F2C6AB61AA7C37F12C3AA698EE202DBA2707823BAB7AD7D09E0AF185978D3424BFB62A970802DC404FCC8DFE1E95F4CA519C55486A99E0CE32849C59D15252D250485262968A40348A6914E229A452602629B8A7E29B8A680434D6A71A69A006514A69281A02334845389C534F34862018A29714628010D20A5340A0624A330B7D2A21F747D2A67FF56D5163E51F4A0609CAD0DC53A1194CD238C3134D2019D2987E6C8C53CF6A4C7CD9F6A00663180050579CD3C0A08C9CD00331452E2929360348E453BB521FBC294F4142018452548466A32706813128A51C8A2810945145201B494B494C02834514C04348694D21A0434514B450339D340A0D02A843C53C53053C5263B920A70A68A70A450F4EB530EB50A75A9875A064F1D5B8EAA255B8EA18C9D3A1AB29D2AB27435613A50264EB4F151AD3C551121D4A2929453245A28A2900B45251400B4514500368A28A40250696834C061A294D148A12834628A0061EB4507AD14802908A5A280198A314F14DA43128A3AD1537185731E35F1C5878334B32CCC25BE907EE2DC1E58F62DE82A5F1A78CAC3C17A5FDA2E1965BB9948820CF2E7D4FA01EB5E03A7D86A7F11B5F9F51D467611EECC8FD9476551DB81FA55AE551E69689045393B47723B3B2D67E22788E4BEBA7662ED99256FBA8BD80FA0ED5EB9A5E996BA1D8AD9DA26D0A3E77FE263DC9A34EB0B4D22C63B4B18C246A393DD8FA9AB20E6BC4C6E35D47CB1D8F630D86E55796E3A9D4DCD2935E3C8EE1D452668CD6602E68CD373466810FCD19A6668CD003C52D341A70E6840380CD705E2DF88434F99F4CD10892E41DAD38E406F451DFEB56BE21F8A1F45B15D3ECE4DB777032CC3EF2273FA9AABF0CBC12AD1A78835488B31626DD1C641FF68E7F4AFA1CBB03151F6B517A1E7E2711AF244A5A3FC2BD4B5D8FEDFAE6A725B4B30DCABB773F3FDEC9E3E95E75AF6989A4EB977A7C370B72B0B9412A8E1B1DEBDCBE21F8ACF877457482402FEEB2910FEEAF466FF0AE5BE15F83135091FC45AAC6D2C48C7ECE8C3EFB7763EB8AF7232518DCF3270527647043C13E226D2FFB4869571F65DBBB76DE71EBB7AE3F0AC0652AC548208EA0D7D7DB83120A82AC30571C62BE77F895E173E1FF00113C90262CEE89922C74539F997F03CFE34E15549D8CEA517157470FDE96834B5A180952451B4B2A46BF7998003DCD32B7FC15A77F69F8C34CB62B95F383B0F65E4FF2A1BB2B8E2AEEC7D1FA459AE9DA2D95928E21B7441F828FEB9ABB4A4734D26BCB9BBC8F5A2AC92034514522AC38553D4748B0D6EDBEC9A85B89A02C1B6924723A1E2AE0A64D29B7B5B8B91F7A18D9C7A7009FE9551F881A4E3A9E19F1234DD06C356B6D0FC3FA77FA7AE3CF31966258E30A064F3EB5B7E0DF815AA6A4E979E236361698C8854E6571E87FBBFCEAA7C1A8975BF8A8F7B7B89244496E006E72C4819FC371AFA5E43F363D2BD14EC8F2E5AC8F04F8A9F0CB45F0E78392FF0043B1984914E04EECE588420F27D06715E77F0E7C232F8BFC5B69686276B246F32E5874541D89ED9E95F5DBC115C42F14F18962752AC8C32AC3D08EF50E95A3E99A2C4E9A6585BDA2B9CB08502EE3EF47308F31F16FC0DD16FECE49B4026C6F15494899B31C840FBBCF233EB5E1961636BA2F8B22B3F1358CCB045214B884E55876CFD075AFB2CF5AF0AFDA134DB28BFB1EFD484BD90BC4E00E59400413F42714AE099AB0FC35F064812E20B03244EA1909998AB29E86BAAB4B3B6D3ED62B5B48561823184451C015CCFC369A59FC07A73CBD4075527AED57603F4AEB47BD72556DBB3677D28A51B863DEA95F69B65A888C5EDAC370B136E512A060A7D466AF5263358AD0D77DC62058D0246AAAABC0551802A0BD4B77B3985D4292C010975750411D7A1FA559C5457300B8B59602C544885491DB22A93D6E3E963C7BC07A2A7C44F885712DEAA8B1B51E698631B5768385503D2BE955458E210A2058C2ED0A06001E95F37FC36F105B7C3AF1C6A761AD131C132F97E76DCED20E558FB106BE80B7F116897B0896DB56B29236190C2751FA135D8FC8F31AD5A6715A5FC1AF0EE9DE28FEDBF32799966F3A281F1B11B391EE4035E8CE77B1359B3F88B43B352D71ACD8441464EEB8507F2CD79BF8B3E3A693A6C2F0E809F6FBACED12B02225F7F5354B9856462FED0F1D844BA2BA471ADEB970CEAA3734631D4F7192715D1F8324BA9FC1BA64D7AE5A66847CCC724AFF000E7F0AF2AD32C75EF8A9E264D4F58726D23215E4C6D555CE76A8FCFF003AF71DB1C704704202A46A1540E800E82B2ACD3D11D3868B4EE7917C6AD29C5C699AB22E63643039FEE90772E7F026B77E1DEA4BA8784E08F27CCB5FDD37D3B7E95D378BB44FF8483C297B621034E13CC849ECCBCF1FCABCB7E14EA62DB55BAD2E62479C32A0F1F32F51F5C66B9713075B0ED2DD1D34DFB3AD7E8CF56CD296A6134E06BE566B43D64EE437D636DAA584963791AC90C83041EC7D47A1AF2282E755F857E353343B9AD8B60A8E166889E87DF1F91AF63CE2B37C41A1DA788B4A92CAE502B119865C7CC8DDBF0AF4B2DC73A32F672D99C78CC37B45CD1DCF45D0B5CB0F11E8F6FA9E9F289219573EEADDD4FB8AD1AF98FC11E29BFF00867E2C934FD495CD84ADB2E23EC3D1D6BE99B7B886F6D62BAB69165B79543C6EA72194F7AFA5696E9DD1E172B4ECC7D0697148690C69A69A71A69A40369296928012908A5A0D003290D3A9B4009453B14940EE25253A90D218DA052E28028011FEE35300F97F0A95BFD535300F947D2818D806131EF4AEB966F614A8368C52B0C934C77213C8140E69C386A071CD00348E33494E39DA08A6E7248EF400D61C535464549415F6A2C046E7057DE8148E72EA3D0D3E801AD4CDA09E69ECDC53071437600C514A692908434D34E34D228109494B49400514514008690D29A0D00368A28A00E729452528AB10E1520A8C54829329120A70A6034F1486397AD4CA791510A950722828B095723E954E3AB71F4A960584E95613A55741C5584E94213261D29C29A3A538532243A9452528A648B4DA75368403A8A28A402D145140094514500145145002628C514526862629296929D804C518A3146280B898A6E29F8A3148131828C53E99498C4C564F88FC4761E15D125D4EF9C614158A3EF23765157B52D4ED345D32E352BE94476F6EBB98FAFB0F7AF98BC4DE24D53E2378A142EE1017296D6C0FCB1AFA9F538EA688C6EEEF60576EC86B0D63E22F8A64B99999DDDB2C49F9624EC07B57ABE97A65B68FA7456568B8541F337763DC9A8340D0EDBC39A6ADB4015A56E66971CB1F4FA5680AF171F8E737C90D91EDE170AA0B99EE4829C2982945790E4DEE7731D4E26999A5CD66D80E068269BBBDA8DD9ED52263A96929450000F5A00A68A70140870A65D5DC5A7D94F7B70C0450A966F53EC29E38AE07E28EB46DAD60D2227F9A61E64B83C8507E51FD6BBB038775AAA4635EAAA716CE7FC3DA7DC78FBC76D3DCA9FB3AB79B37390AA3A2FE3D2BDE9845042B146AA91A285551C0502B8EF85DA1268DE154BC74C5CDF7EF189EBB7B0FE75A1E3AD51F48F08DEDD464090A18D09F56E2BEA5D9B515B23C957B3933C935B9A4F1E7C454B3B763E41944119EC1173B9BF1E6BDEAD2CE1D3AC20B2B750B14281140F6AF1FF831A3ACFA8DE6B122E4409E5463FDA6EA7F003F5AF66A2A3D6CBA0A92B26DF51923A451B3BB0555E493DABC57C4775AAFC4BD78E9DA35B86B5B2662252D819EE493F4E2B5FE28F89EEA5BC87C33A5B1F3242BE7EC3CB313F2AFF8D773E13D063F0E6876F6CA8A27DA1A6603059B1CE688AE4576392E77647CD17F6171A6DF4D6775198E6858A3A9F51558F15E87F17ACD53C68248A321AE2156217F89BA1FC6BCF48EC7B57545DD5CE09C6CEC257A4FC19B1171E26B9BB2BB85B40483E858E07F5AF36AF73F82F60B6FE19BDBC2B892E67DA0FF00B2A3FC49A8AAED165508DE68F4834DA563499AF399EAD8281499A5068287814BB43A3A30CAB29561EA0F5A6834E069DC93C0754B4D63E1AF8DBFB474F0CB1F984C1281F2BAB7254FF857B57853E3078775FB645D42EE3D36FC001E29CED463EAADD2AD6A3A7DA6A968D6D7B024D0B0C1571915E57AD7C18DD23C9A35F800F2B0DC751EC18575D3AA9E8CE2AB41A6DA3E86B7BDB2BC40F6B796F303D1A370C3F4A5B9BDB5B188CB797315BC43F8A460A3F5AF935BC01E35D35CADBDADC71DEDE6E3F422926F0878E752558AEAD2FA555E144D2E40FCCD6B78F730E49F63DF7C53F177C31E1FB290DA5EC5A95EF48E181832E7FDA6E8057CF7ABEB1AEFC46F12ACB22196E243B218507CB1AFA0F6F7AE9B45F833A8CEC8DAC5E47671939291FCCD8FE42BD5342F0CE91E1AB61169B6CA1F1869DFE676FF00817F41512A914B477358516DDDA2CE87A62689A0D8E9AB826DE20ADEEDDCFE79AD0045337126B0BC53E2DB1F09D88B8BA1E64EE7F7508382C7DFDAB97593D0ECB28A3A03B42B333055519663D00AE435AF897E19D19DA3FB635E4EBFF2CEDD3773E9B8E07EB5E6379E21F16FC42BE365648520279860C8451EACDDFEB5D8E81F0834AB1114FAC4A6F673F3342A4AC6BEC71C9AD7D9C22AF2317524DDA28A371F1ADE52C9A7E84CC7F84BB96FD00A87FE168F8B082EBE1EC27BC6F5E9D6BA4E9F60A12CECA08140C008833F9D5C02929C16C8BF6737AB6789EA7E3AD17C4FB6DBC4FA1490C8A302EEDDBF7883E87A8FC69B67F0CAD75D066D0BC4F6D736FB412AE8CB228FF696BD7F50D074AD514ADE58432E7BB28CFE045796789FC2775E01B98BC47A05CCAB0A480346DCED07B13DD4F4E6B68548BD118CA935ABD4BD63F05E1827596E3565B88FBC610A93F8E6B634DF84DE1FB2657B959AEDC36EC48D853ED81D6BADD0B54835BD1AD753B7C6C9D77103F85BA15FC0D68D672AB24EC6B0A51B5D22082DE1B4B65B7B68922894615517007E14F0BC53C8A062B06EEEE6EA292B204E0D7847C40D0EE3C2BE2C5D52CB31C171219A32BD11B3F32D7BBE7158DE25D06DFC4BA2CD613615CF314847DD61D0D5D39A8BD7664D48B6B4DD18BE1CD7A0F106949711B0F39401327756FF000AD915E176579A8781BC4B2472AB0F29CA4B19E8CBFF00EAAF6AD3751B6D56C63BBB4903C4E01CF707D0FBD78B98E0DD2973C568CEAC357525CB2DD16A968A4AF1CECB9CC78E7C2EBE24D28CD028FED1B6525081CC8BDC5677C19F1EBE93A87FC231ABC8E2D6762B6E643C4527F74FA03FCF15DC8241C83CD799FC47F0C0B661AF69E8CAC5C34E54E36B7661E9CE2BE8B2AC75FF007351FA1E56370DA73C4FA488C1A435E79F09FC7DFF00097E8ED637ACA354B3550DCE3CD5E81BEBEB5E846BD969A76679634D21A71A43458065253F6D371400DA2948A314806914DC5498A6E2900629A453B146281A6331498A711498A06251451400D7FB86851F28FA529FBA6950741400C5E46694F4A44FB8DEA18FF3A776A4046579A08E0FD29F8A4C53B8C8D410A01A4DBB598D3F141140118A09C293E8334E0B9A46E415A06428991B98724E69E69C060014878527D28023614DA901DCB9A8C8E0D160169B5276A652109494B4940C4A4A0525027A01A69A71A69A0414868A2801A68A0D1480E7694514A2B401C29E29829E2931A1E29E29829E290C7AD4CBD2A15A997A50513A75AB915538EAE47D2A18AE594E95616ABA74AB09409920E94E14D1D29C2A910C5A51494A2810EA434B46680128A534948029C29A29D4C120C518A28A00314628A2800A4A5A4A006D14514C04A2968A02C2514B45480D3405CE49E0019CD3ABCBBE2DFC408B44D3A6F0FE9D26753B84025901C7928DD79FEF107F014D45B7A01C0FC58F1E3F897566D174F6234EB593692A7FD738E093EC3B56C7817C32BA2D80BDBA502F665C804728A7B7D4F7AE77E1EF863CF98EAF7C84C48C3C953FC6DCF3F4AF4DCE4F35E76618B515ECE1F33D4C161EEF9A41DA9DC0A00E296BE764CF5D68AC21A05068159DC18B4B4DC8A050C43C528A68A515202D2D252D020A51D2971453434286445796420246A5989EC00AF128A19BC6FF00108A82DB2E27CB1FEEA0C7F4AF4BF1DEA474CF085D323ED92E310AE3DF93CFD0573FF0634966B9BED6245F9235F2A36C7F11E5BF4C57D3653454293A9D4F2B1D2BCD411EBA15218E382350B1C6A1500EC070057997C65D45A3D32C34E4CE657695B1DC28E07E66BD389DCC4D787FC5DBCFB478AE3B25258C10AC600ECCD93FD457A14F595CC2A6913D03E16E9A6C7C0F6F2370D72ED2F4ED9C7F4AEAF51BD8F4CD36EAFA6DBB208D9CE7D8545A359FF66E836365D0C30AA9C7FBB5C5FC5DD61AC7C351D8C670F76FCF3FC2BC9A98DE5361B40E3FE1ADAC9E22F1FCFAADE2997C90D3B331CFCC4FCBFD7F2AF7173B9B3D2B84F84BA30D37C2A6FDD713DF3673E8A3A0AEF0D3A8D395874A368DCF2AF1EA0B8F8A9E1D800C95D848F6DF9FE956BC75F0CEDF54492FF458961BDE59E05E1653DC8F4355B57FF898FC73D3A3539586304FB10AC7FC2BD44D5CA6E16442A6A77B9F254B6B34172D6F2C6C92AB6D6461820FA57D2FE0DD2DB46F0A58DAC89B64D819C1FEF1E7FAD26ABE14D1756D521D42EEC95EE222086071B88E9BB1D6B5CCBB8F359D5ABCC9245D1C3F236D9217E68DF501719A4DF581D4A04E1E943D421E80F486E2D1386A786A80353C364D04344C79A0714C0D4F068130A29734669086D2819A08146698AC53D4F51B6D234DB8BFBB70B0C28598F73E807B93C5782DBC1AB7C4CF189192158E5893F2C310E9FE7BE6BBAF8CD7EF06856564AC479F316700F50A3FFAF577E0FE991D9F859EFB61F3EEA43B9B3C8553C0AEAA768C3999CF53DE9289D9695A358F8774C8EC34F8C2C6A3E66FE266EECC7D6AC8069E79EB4600AC252727766D18A8AB098A5C519A5CD4948315CE78F6149BC07AC8619DB06E1F504115D1D70BF1535C8B4FF0BCBA623E6EEFB6A841D42672CC7F2C7E35A52F8899B4A2EE51F8357724BE16BAB7724A43727664F4DCA09FD6BD1B35C2FC29D2E5D3BC1C25990AB5D4CD28078CAE0007F435DB86C53AB25CCEC3A29A8AB8E2D4CDD48CF5033D62E46F18DC9CBE6985F06AB9929A5F34AE68A9B398F1EF8453C4B606EA050BA85BAE54FF00CF451FC3F5EB8AF3AF00F88DB44D5DB4FBA2C2DA76DAC0FF000B763F9D7B72395606BC77E287864E99A9AEB366BB6DEE98970BD124EFF9FF008D6F0E5A9074E5D4E6AF4DD37CF147AC039191499AE57C07E23FEDED1447330FB55A808FCF2CBD01AEA49C57CCE2A83A3371677D1A8A714D0A6926823B9B792DE640F14AA51D4F46534A0D2E715CD19384949743471524D33C56F60D43E1C78D60BBB466F2D5BCC85870248C9E54FF00235F50689ACDAF88345B5D52CDC3433A06F756C7CCA7DC1E2BCB3C63E1F4F12787DE051FE95066481B1D4E395FC7F9E2B99F833E337D0F5B7F0F5F48A96976FB503FF04BD073EFD3F2AFB1C16216228A7D51E062687B29F933E88A69A7918A6D741CAC4A6D3A9306900869314A68A0698DA4A752500368A0D14804A297146281DC6D14B41A02E44A721BEB8A7270D4C0319FAD3C5218DC6D247BE69694D18A1A01B494B4940AE145145002534A8CE69C466900A0AB898A89CFC847B54D8AAF3821D476638A00720C2AFD29A45498C521145808E834EC507A50323A4A79A69A5B00DA4A71A6D0C4C61A4A7B532810507A51450030D14A68A00E7A8A28AB10E14F14C14F149948905385345385218E15613A55715613A50513C7D6AD47D2AB45D6ADC552C4585E953AF4150AF43532D2484C9169F4C1DA9F548862D28A4A5140828A28A42DC5A28A28016969B4EAA1DC28A28A4170A2968A760B8945145200C518A28A0031462968A760B898A6E29F422EE6C5090181E2FF0010DBF857C3179AA4C57CC442B029FE2908F947E7CFE15F34786F4B9FC5DE2492E6FA479773196E1C9C9249AE8BE31F8C5BC47E27FECAB393769F60C63500E43C9FC4DFD07D2BABF0AF87D343D0A2565FF499543C87D091C0FC3359E22AFB1A7A6ECE8C352F69235A2892DE18E18915238D42AA81C015201CD457970967637172FD2242DF88159FE17BB9750D0A1BC99B73CACCDCF6F98F1F962BE76B425283A8CF6E9B51928A3600E2834B495E6B6743634D0283451701052E6928A4028A78A60A70A043A969A29D48429A5009381494F8FEF8AD22AEEC33CBFE2C6A05EEACB4D56C2C486561EEDC0FEB5E93E02D30E91E0DB180A6D924532BE7A966E79AF18D58C9E23F8886153B95EE1625F6507FC335F440458A348D7015142803DABEC611F65878C51E25D54ACDBE82E2BC1E788F883E323C646E5FB6E48FF653FF00ACB5EECEE123790F4552C7E82BC6FE18AAEA1F11751BE3C85591C1FF0079B1FD6AA9689B0ABAD91ED5BB35E17F17AFCDEF8BA1B088E45BC4A9B7FDA624FF00222BDCFA66BE7F4FF8A87E2D6F2328F7849E7F857FFAC28A5BB64D4D1247BA68D6634DD0EC6C40004102AF1DCE39FD6B2FC51E32D2FC2D0AB5DB992E1C65208C82CC3D4FA0F7356BC49AE43E1ED067D42520155C22E79663D05793F83BC3571E3FD6AE759D6E491AD236C139C6E6EA147A002A6314DB931B6D5922C7837578F5AF8B32EA320F284F0B98558E48F94607E86BD85DC2AE4D79FF008EBC116F696116B9E1E8CDB5E69E036C8BF89477FA8FE55ABE0EF1643E29D283310B7B0AE278C74FF787B1A2A7BCB99174B49352EA748CF9A8CB6290B62A267CD73367A118262B49CD337E6A12DCD19A2E68A08B01C9EE6A446247355031A911CD17094342EAB74A917B55547CD5846E299CD28D8945381A60A70A0C89334669B450263A928A28158F33F8CFA74F73A4585FC43315BC8564E3A6EC60FE95A3F0E3C51A2FFC2316FA7CD7B15B5DC39529336D0D939054F435D95ED9C17F6B25B5CC4B2DBC8A55E361C30AF21F10FC24BE8E6F3343944D0127F7333ED641E80F422BA6128CA3CACE7A91929F32D4F5EFED4D34A6FF00B7DB6DFEF798B8FE755A4F13787633B64D6F4F56F4370BFE35E269F09BC4CF6E5CC312CFBB011A5038F526913E1078A59B063B55F7338C53F6505D49F6D53B1EDF6FE21D0EEB88355B295BD167527F9D5F8E48A52364B1B03D0AB035E3361F0435494837FAA5B5B0FEEC6A5DBFA0AEB34BF84DA66972C7236ABA84ACA73B55C229FC073FAD44A105B32E3526DEA8DBF16F8BEC7C27665E52B2DD38FDD42A72CC7D4FA0F7AF2FD13C2FAEF8E75D6D635732476ACD967738DC07F0A8F4AF5FFEC1D2566131D3ADDA5031BD93737E66AF96DAAA8A0051D0018A14D46365B97ECDCE5AEC430C696F6F1DBC481638D42AA8EC3D294B52D44E78AC1BBBB9D31565611DEAB3BD3A46AAAED50CEAA704D5C797E68DF55F279A326866FCB62C06C9AABAF69ABAEF876F74D700B4A84A1F461C83F98FD6A506A5472B822AA126A49A33A94D4E2D33C27C15A93E83E2D8927CA2B3986453D324E39FC715EE66BC47E235A2D878D6E2485762CC166007627BFE60D7AFE8B75F6FD0EC6EB3932C08C4FBED19FD735966D4D382A879F82938CDD37D0BE29D4DA70AF9C96E7A4018A9C8AF24F895A03E97AC26B7648520B970C4AFF04A393F9F5AF5C154F58D26DF5DD1AE74E9801E72E11B1CAB0C9523F1AEFCBB12E8D65D99CB8BA5ED29BB6E8DFF0086BE311E2FF0B4724AD9BDB5222B819EAD8E1BF103F435D857CB3F0F7C433F81BC7460BB252D657FB3DD2B74C03C1FA8EB5F530657557460CAC03291DC1AFAC6BED2D99F3EF476014114E141A90194DA7D2500369314FA2802322908A71A0D218DC518A28A436EC2628C518A08E2811101F293EF4F02976FCB8A145034C6839623D286E149A453FBE907A6295865481DC5210C53F283EBCD14A06001E800A5A006D14B48681A41494EA4A06254538C286EE0D4B51CE3319F6E69007519A6914ABCA8FA506818DA43D296929EE318683D297AD34D2D82E34D21A53486810C639A6814E65E334D06810B451450034D141A28039DA28A2AC43853C53053C52632414E14D14E148A1E2A65E9508A997A5005A8AADC7DAAA4556A3E82A181614F15329E2A053C54C869A064A29F4C14FA64316814502810EA5A4A75160128A0D14C0514B8A4A3343402D141A4A12016945145301B451450014E14DA7628061451452B00571DF13BC591F84BC253B47205D42E97CAB65EF93F79BE8073F5C5762F325BC325C4CCAB146859998F0140C93F957CA3E2AD7EF7E2478E8792AC63965F22D22EBB533C1FA9EA6B48AEA266668FE1BD7355B1BBD6EC6D24B8B7B160D2B8E79EA78EE71C9AF5AF0E7896DF5FB0564216E11409223C104771ED5EA9E14F0D59784FC35068F0A060173313D5D88F989AF13F887E0AB8F026A67C47A0B37D864932C83A444F63FEC9AC31145568DBA9D187ADECE5734FC5D742DFC337A49FBC9B47D4D59F08C662F0A69EA7A98F77E673FD6B94D475DB4F14F82AE5964586E612A5A163C9E7AAFAE6BBBD322F2349B38B18D902AFE4A0578B8B87B3C3F2BD1DCF5A9548D49DD762C9148453A835E19DB7233C521E69E466908A04368A28A0614B494B400E14E14CA514C68905417D3FD934DBBB93D21859CFE009FE953015CDF8F6FDAC3C2775B4E1A6C443E84F3FA0AEAC243DA558AF332AB251836CE5BE14694D7BE2AB9D56640C96CA4A9FF6D8F51F419AF682DCD79D7C21888F0CCF311CC939E7E82BD0B35F5359DDDBB1E4515A5FB957579C41A25FCA4EDDB6EE73FF000135E7BF056D40B2D56F48F99E458813DB0327F98AEDFC54D8F09EADFF005E927FE826B0BE1459FD9BC11148461AE26793F0CED1FCA88BB418E7ACD1D95F4BE4E9D732E71B2366FC81AF17F85960D7BE319EF5882B023313EA58E2BD3FC6776D65E0DD5271C1109507DDB8FEB5C77C18B2C69BA96A0C3EF4823CFB0193FF00A15553F81B14B5924667C56D524D475DB5D0AD0B31461B8039059B800D7A8F863454D07C3B6B608A0155DCE7FBCC7A9AF1DF0AA37897E284975282638E679DBBF00E147FE83F957BD67D2A6AB69288A1AC9B2238656420156E0835E21A8C4FE01F8902556296370778C7411B1391F81AF703C5796FC66D3BCCD3AC7520398646889FF65B91FA8FD69527ADBB97515D5D743BB32A3A8746055806047706A367AC1F0A5E35DF85F4F958E5BCA0A7EABC7F4AD90D584E369347A94358A62331DD49BA909E4D479E4D666F6270D4F56E6AB035229A698345D8DB271566339AA119F9B8ABD1552392AA2714EA68A7533958E14B48296813168A28A090A2968A06252D14EA006814A7B734A0D2139A010C34C26A43519A2E52184E2A076A998D5694FCA69366B05764123FAD5666C9A7BB74A809CD43677D35A0B9A334CCD1C9A2E6962443F362A506A04E1B3538E9409A3C9FE2F41B35BB09BFBF6D8FC98FF8D75FF0F2E44FE0CB35072622C87FEFA27FAD737F18D7F79A431EBE5CABF915FF001AD5F858E4F85E653D16738FC856B8DD70B73C68B6B16EC77229C29A29C2BE599EA0F1D2941A68A5A8B8F73CC3E2B787C2BC3AFDBA2AAC87CBB8DA3F8B1F2B1FAF23F0AF54F841E251E21F04C10CCF9BBB0FDC499EACA3EEB7E5C7E154352D362D634CB8D3E7C7973295C919DADD9BF0AF28F879E209FC0DE3EFB1DD315B59A5FB2DC83C01F36037E07FAD7D6E5988F6D4795BD51E0E3A8AA73BAD99F525141C67839046411DE8AEE38C0D34D38D06810DA29692815C69A69A71A69A431A68A0D14AC30A28A2800A0514503B9115C5CB376239A78396C52EDE49A606DB3ED3FDDE2930B8E229B8A79A69A042629A69C0628C50036929D4941425325FF54DF4A5770AC01EE695B952280234FB83E94351D001486900DA4A7D3680129845494D6A00888A4A71A4EF40C4238351E39A971C546460D001494FA6D021868A534502B1CD9A0506815603C53C53053C5032614E14D14E15250A2A65E9508A993EED005A8AADA76AA7175AB69DAA1813AF4A997A542B532F4A76064829C3AD3453875A6431E28140A05310EA75369D430128A28A6014B4525002D1451400514514C028A28A00514A290528A005A28A72E065C90028C927B5160B9E69F1A7C56340F0AA6950106EF52565383CAC63EF1FC738AE57E00F8504F7B73E25BA8B2B00315B93D3711F311F81C570DE3FD76E7C73E3F916DB73C62416966A3A6D0D8CFE2726BE9BF0B68D1786BC3363A4C206218C6F20637311F31FC4D5EC846A48C5989A867B5B7BD81EDAE614960954ABA3A865607B106AC70DDA855C30352C6B53E5FF001D7862C745F8AA9A2E951B25BCA6190C64E4296E481ED5EA5800051D00C0AE03509BFB73E3B5FCE00D96F26D0739E1176D7A0EDC57899CCB689EAE5CB46C6E28A7E29B8AF9E3D419494F34DA403714DC53F1498A006E29D8A314B8A004A51494E14C6870EB5E6DF16AF58BD869EADD419587B9381FD6BD2875AF25F18AB6B9F12A3B04E42BA43F4E85BF99AF6328A57ABCCFA1C78E9354ECBA9EA7E0CD3974AF09D85B85C33462463DCB3735BC6A34554458D400AAA1401ED4FCD7AD293726CE5824A2914F57B637DA3DE5A8E1A6859067D48C53F47B04D2747B4D3E33958630B9F538E7F5AB04669E0E29733B58AE557BB395F89B2797F0FAF867EF3C6BFF008F552F0920D13E1249743E595A196727DCE71FFB2D3FE295BDC5DF856182DD19CBDE46AC14648186E71F5C52F8D87F64FC2B92DD3E52A91C18F63807F91AE8A5F0DBCCC26AD26CE5FE0B5A97BCD52F303E5458F3DF924FF857B1839AF3DF84765F66F0819C8C35C4CCD9F503815DFA9E6A2ABF798525EE8F615C5FC5283CCF025D9C6763A37FE3D5D9135CBFC4519F016A9ECAA7FF001E1453D248D64BDD6725F0CAE9AE3C372C4ED9F266207B0201AECEB80F84EDFF0012BD417FE9A29FD2BBF151555A6CF4306EF49086987AD3C72C0571167AB2D8F8FF0054B5BDBD58AD98653CC6C2EEE318F4E09ACE1172BD8DE75230B5FA9DA0A901C5662EB9A496006A76A73FF4D055A4D534D6E97F6C7E92AFF8D1C925D06EA41F546845D6AF466B360BBB37FB977093E9BD7FC6B46228D9C3A9FA30A6A32EC7355947B9652A402988A0FF0010FCEA50ABFDF5FCE8B338DB42515208B77460697C83FDE1459F625B23A2A5F20FF78534A6DEACA07AE6989B4368A43242BD67887D5C544DA869E98DDA85A29F43328FEB45A5D83997726A7565DCF88B43B55265D62CD71D7F7AA7F91ACD97E20F84A2E1F59858FA202DFCA85093D909CA2BA9D21346735C7CFF0014BC236E0B2DEC92E3B244C6B365F8D3E1B8DCAA595FC83FBC1540FD5AA9529BE827560BA9E846984579C4BF1BB450BFBAD2AF58F60CCABFD4D63DD7C6E9989FB2E89127A19272C7F20A29AA137D03DBC1753D61AAB4BF74D78C5D7C5DF105C2911456D0E7BAC7923F3AAABAFF008EF5A60901BF70DD3CA88A83F8802ABEAF27B951C5416DA9EC5290B8CB01F5AAD2DDDB423325CC49FEF3815E4CBE15F1BDF926737283B996623FAD68D9FC2EBC90EFD4B53541DD6352C4FE27028F6115BB3A238BA8F48C19DBDCF89745B56C4BA95B0FF75C31FC87359B278F746DDB2D45CDD37658A2393F9D57B4F877A1DB1532096E08EBBDB00FE02BA5B4D32C6C902DB5A45101FDD515328D35E675C1D696F6452B2D4F58D4240D1E96B6B01FE2B96F988FF740ADD0188196CD460735344B9602B3697437E56B76796FC609B75FE996F9E5206623FDE6FF00EC6BA2F86B0795E1089C8E649189FCF02B88F8A37427F17BC60E44312A7E38CFF5AF4DF0958FD83C2BA7C0461BCA0CDF56F9BFAD18E6A38649F53C7A4B9F14DAD91B629C29A29C2BE5E47A628A753453AB3280715E4FF15F45FB3EA36FACC20AADCFCB330ED22F19FC40FD2BD62B3BC45A4A6BBE1CBDB070373465E227B3AF2B5E8E5988F65595F667262E92A94DF91D0FC2BF110F117816CE4924DF736DFB89B27272A3827EA2BB5C57CE1F0275D6D3FC63369170C561BE88A856E0075E47F5AFA40F15F592DCF9EB8869A69C69A45480DA2968A62B0D34869E69A6818C229B52915191482F7128A5C518A062514B8A314804A8E4182ADE952E2908C8C1A4C007201A42292339407EB4E3400CA283450310D3075A71E05301CE7140C6BFCD2A81FC3C9A750ABB47BD2D00348A611529A69A40329B4E349400C341A71A69A008D87348053F6E68DBC5031869869E690D0310D34D38D34D021B451453039A340A0D02A8943C53969A29CB40C9853853453854943C54A9D2A2152A74A00B31F6AB51F4AAB1F6AB51F4A860585A9D7A0A817A54CBD2985C78A905462A414C863A814502988753A9B4B458028A28A602D145140051452E0D30136D3B1452D02B898A314B45318628C52D140B60C571FF0014BC40BE1CF87F7D2249B6EAED7ECF060E1B2DF788FA2E4D76206580AF9DFE3CEBC350F145A68D6EDB92C532C33C798DDB1F4029A4057F819E153AB78A1F58B98B369A78C82470642381F80E7F115F494841724572DF0E7C391F85BC1165681317132F9F7048C12CC01FD0607E15D3D0D8C70A49E64B7B4B89DCFCB1A331FC067FA521AE6FE225EB69FF000DF5E9D5B6B9B668D4FA163B7FAD211E19F0DF7EA9E2AD63589083B8B13F566CFF004AF5122B82F84F69E56837173FF3D66C74ECA31FD6BBE35F359B54BD668F770316A92B8CA4A7525790768DA6D3E92860331498A752520128A5A28013140A5A434D00F0D804FA0CD797F8213FB53E265E5E483718CC92027D73815E91772F91A7DD499C6D899B3E981D6B85F8476E64BCD52F88C302141FA924D7D16531B53948E0C73BB8C4F550734ECE69829C2BAC8B58753A9B4B9A430650C067B1CD71DF1590B780E4209F9674271F5AEC4D52D5F4AB6D6F4D6B1BB04C4CEAC71D72A73574E5695C89C6F169107846C974EF096996DB76B2C0ACE3FDA2327F9D6D6715120088A8A3014600A78353293936C518DA2879E6B03C7481FC07AC03CE20C8FA822B74D61F8D7FE445D67FEB81FE75A53F890A7F0B3CEFE137FC83AFFF00EBAAFF002AF40EE6B80F84DFF20BBF6FFA6AA3F4AF411C5457F8D9DD817FBA420EB5E6FA978613C43E3DD522799A38A34562C83277151815E93B6AADB58456B73733C6BFBDB960D237A91D2A69C9C5DD1B5782A89267047E15C2E06CD4655FF7907F8D42DF09AE7198B548F70EC50F3FAD7A704353A29E2B4F6F239A584A7D0F236F853AF8C7D9AFAD5B3EB2329FE54D6F85BE308577473DBB7A84B920FEA057B2C631561338154B10FAA39E7858F46CF083E03F1EC6A4A5BDCB7FB974A7FF0066A84F82FC7FDF4ED4CFB87CFF00ECD5F410352066C75354B11DD183C32E8D9F393F87BC7964DB9AC35A5F78C3B0FF00C773504D6DE3656025835D07FDA496BE96DEFF00DE346F75E869FD657625E1BB48F9985B78CDBA41AD9FF804B5663F0C78EAFD372E9BABBAFAC8187FE846BE91133E3EF521673FC668FAC790BEACFB9F39A7C3DF1B4AD83A5DD2FBBC8ABFCDA9C3E1878CA47E74C624F73327FF00155F4460D28C8A3EB0FA20FAB2EACF9FD3E1178B9C64DA4099FEFDC2FF00426AF41F053C44FCDC5D58423FEBA163F9015EE9CD193DE8FAC4BB0DE1975678EC1F03EE0F371AEDBAAFA244C4FEA6B421F829A629FDF6AF3BFF00BB105AF5122802A1E225D0A58782382B6F845E1881834BF6BB923A8797683F9007F5AD6B7F01784ECF95D0EDDCFACA59FF0099C574F4D2B52EB4DEECB8D28AE86543A269368C0DAE95650E3A6D8141FE5569CB2AF1C0F41DAA72B5148BF2D43949F5378C62B6467CBB8939355D9726AF4899A84C78A577D4EEA72491576538262A7D94BB295CD39C88014AD225BC4F3C8C152352CC4F600124FE94F2B8AE47E236B1FD95E197B64389EF4F96BD8851CB1FE94E1172924655AB7241B6798067F14F8D55B19375739231C05CFF00857BE05545545185550A07D2BC93E16E8AD73A9CDAA3AFEEA05DAA48EAC476AF5B1C9AE4CDAAABAA6BA1C5818BB3A8FA8E028C5380E28C5781267A08414EA4C52D4B0B852AB1560475073494670C0D116D3BA13574789789127F07FC4737B6E0A059C5CC3B780549CFF88AFA9B4CD4ADF57D2AD750B57DD05C46B2211E86BC13E2CE92D77A5DA6AA8B96B63E548475DA7EE9FA03FCEBB7F815ADA6A3E076D359899AC2665C13FC2C770FD735F6B86AAAAE1E33EA7CE6229F25468F501484528A0D6E8C46D252D25002514514084A6D3A9B48684A4A752503128A28A000D276A5340A9603106D5C538F4A5C51400CC518A711499A0698C7E14D4311DC09AB079150A284040EE734021D494EA67F19A0606929C7A532900869A69C69A6800348694D21A004C521A5A4A00611CD30D3CD30D0508452114EA08CD2B811E28A53C5145C0E60D028340AD0CC78A7D3053E81A241520A881E952035258F152A74A8854AB4013C75723E954E3AB91D4302C2F4A992A15E95325003C53C7414C14F1D05512C7528A4A514C963A9692969800A7014D14E0680128A28A00752E29296A85B8514514005029053850028A28A2802BEA37D0E97A5DDEA172DB61B689A573EC0138FC7A57C7536B126A1E2A7D6AE879864BB170FBBD37640FCB8FC2BDF3E3B7885B4CF09C1A444E567D45F0C338FDDAF53F89C0AF2EF0B7862DF54F016A73B29FB5162D1301FDD1D29B928C6EC708CA6EC8FA76DAEE2BEB1B7BA808314A8AEB839E08C8A96BCE3E0CF891758F060B199CFDAB4D7313063CB29E54FF31F857A38340242D7997C77D41AD7E1FC76A8D8FB55D2AB0F555058FEA057A68E6BC47F688BD1B343B053CE649597F2142DC62FC3BB66B7F05DA06E0BB33E3D89E2BA83595E1987C8F0CE9E98C6215E3F0AD415F1F8E9F3566FCCFA1C3AB4120A6D2D25719B88690D29A4352C6328A7514086D1451400521A7D21E6AE2AEC0C9F124E2DBC31A8CA4E3F72CA0FB9045667C27B336FE1692E197699E6620FA81C0FEB49F112E12DFC17321902C934AAAAA7A919C9AD0F871AA59EA1E14B4B3B671F69B54DB2C67839CE73F8D7D36060E1876FBB3CCC4494EB2B743AC14F0290502AEE50B4669B40A2E03E8A051403761C29C29A2941A0071383589E3738F016B2DFF4C0FF00315B2C7915CBFC48B9107C3ED40138F336A7E6C2B5A5AC9233A9A459CA7C27831A05DCBD37CF81F80AEF36E2B95F865184F064447569189FCEBAE2B535B59B3AF092B52488F6FB50139A9029A784F6ACCDDC88D538A9913069CA9ED52A25067292408B53814D55A900C53473CA5762814F0290500D3247628C52514AC2168A4A2980B8A514DA51412C5A28C518A005A2928A40148451486994318546C2A5229A5681A65574E6A22BED56D9735194E7A5266B195883651B2A7DBED46C3D85265F3906CF5E17B9EC07A9AF03F1B6B2FE23F1438818BC31B793081DF070481EE726BD37E25F893FB0B463A7C27FD32F14AF07EE27463F8F41F8D711F0C7C3C350D55B54B94CDBDAFDD07F89CF4FCBFAD74C2D4A0EA48E2AF37564A9A3D1FC31A32685E1EB6B40079A46F90FAB1AD8039A5CEEA502BE5B1159D49B933D2A70518A8A168A28AE56CD029692969080D2374A534869A028EAD6ABA86897D64CA089616001F5C715C6FC0199ADFC5FA9DA336D2D6E7E43FC454FF4AEF97EF8AF1F134BE13F8C504D0B6D8C5F216EC0C6E46E1F931AFA3C9AA5E2E9B3CACC69AD247D4D9A5A0F5CFAF340AF6568796F4634D2529A4A000D34D38D34D020A28A280B8869A69C69A6914252D14A6801A68141A05201296929690087A54633529A8DB819A1B00A422941E2826801B4D3D49A79A6D03B8869B4E34DA43108CD348A7D21E9400CA4A5345003683451400C34D3521A61A180DA4A7521A9286D14A68A00E56969296B53343853E9829E2818F5A90546B520A45122F51522D46BD4548B4864F1D5B8EAA4756E3A960584E86A55ED51274352AF6A404A29C3A53453C5512C7528A4A514C4C5A5A4A5A6242D1451400B4A3AD2528EB4C18E145028A60252D252D0014B494B400B4A064E2928791608259DF85890B37D00CD00CF99FE396A9FDA3F110D9AC9B92CA048463A6E3966FE607E15DFF8734B4D2FC3D6567B02958C338F52DC9AF22B1DDE2CF896D34C772DCDDB4CFC7F0839FE4057BA3F0D81C28E83D2BCDCCAB7B34A2BD4F472FA6A576CF34D2AF9FE1BFC53562DB74BBE3F38E83631E0FF00C05BF957D180ABA07560CAC01523B835E19F12B403AB787D6F625DD3D912D8C754EE3F91FCEBB2F83DE2A1E20F08AD9CF26EBCD3C089B27965C7CA7FA575616B2AD454BAADCE6C4D274EA35D19E889C9AF9CBE3D4ED2F8FED6DF39115B2003D32C6BE8E8FAD7CADF14EF9F51F8B1A883D2099205E73F740CFEB9AE84F46CC62AF247ACE9F1F91A65AA631B61518FC2AC6680BB618D7BAA8069057C5621DE6DF99F474D5A285A4A5A4AC0D06914629D462900CC5253E931400CC518A7E290F14E2AE310F4AC8D7B5EB6D074E7B9B8652C4111A7766A9B5AD66DB45D39EEEE9B0178441F799BB002BCF74BD26FBC71AA36A9A9968EC54E163EC57B015EB60F069AF6B51D92396BD5B3E48EECAB61A26AFE3BBE6BFD42568AD4121491918F4515B771F0FAE34C65BAF0F6A134372A3A3363763DC7F5AEEE0823B68120811522518555EC2A400D6B5334946568AB25D088E1138FBDBF7382B4F893AC68D742D3C4960CC578332AED6C7AF4C1AF45D2B5AD3F5BB55B9D3EE56688F5C7054FA11DAB2755D1EC759B536F7B02C83F85BF894FA835E7BA878475BF0CDC9BED06E65921500ED538603D0AFF0010EB5DF4B134710AC9D99CF3A55694BBA3D9A80D5E5BA17C57FDEADAEBB6FE59FBA678C631FEF2FF00857A5585F59EA76CB7363731CF137F123671F5AD274A51E84AAAA4EC5914B48296B3341734034DCD19A6090E3CD79C7C63D47CAD06C6C01C19A52EDF451C7EA6BD1EBC4BE295DB6A9E348F4EB73E618512241FEDB727F52056F415DDCCABCAD1B773D0FC0963F64F0669CA460BC7BCFF00C0B9FEB5D008E9DA75A8B3D26CED46330C2A8D8F50A07F4A94AE0D653779366F49B8C524421314A17152EDF6A5DA3D2A0D1C9B1AAB52014014A053443931C05380A407A53F34C96266928A2810E14B48296801B45145002D28A4A05021F9A526999A766815828A4A5A003148452D1400D3C5369E4518A0A22229BB7352914941498CD98154F58D4EDFC3FA2DC6A976DB638572ABDD98F451EE4D5E96582CEDA4BABA758E0894B3B31E0015E09E2FF145EF8EB5D8ECECA3905A2B158205EAC7FBC47F9E2B4A704DDDEC8CEAD4695918F33EA5E37F14B38CBCF70FF822FF008015EDFA3E970687A5C161001B635F99BBB37726B37C25E1583C2B604B624D4265FDEC8070A3FBA2BA019EA7AD797996314FF770D91AE1A838AE67B8A3AD38D2515E2499DC86D28A4A515231C2929692810537AD3A9B4D000E0835E4DF15AC7ECDAFD96AA99CCEA371CFF1291FD315EB24735C27C57B612787AD2755FF0055360FD08FFEB57AB94D5E5AE9773931B14E96A7B77873538F5AF0DE9FA844FB966815B3EF8C1FD41AD22715C0FC19BF5BBF86F651E72D6EED111E83391FCEBBDAFA77BB3C162D252D2500069A69C69A6800A28A280034C34F34C34860294D20A53400869294D25260145145200A6BFDD34EA63FDDA0041D294D20A0F4C50036834A286A0061A414B48690C314D238A7669A4F140C6D21A5A4340869A283450310D34D38D34D0014D229D48D40C6628A31452B0CE56814502B4331EB4F14C5A78A063875A917B5463AD48BDA914482A51D6A21528EB4864C956D3B5544AB69DAA581653A1A957B5429D0D4AB42404A29E0D462A414C91C29C29829C3A53421D4B494EA624028140A51400528EB494A3AD306385140A2989094B494B40C29692968016B96F893AB368DF0EF59B943B646884287FDA6217F9135D4D7947C7ED405BF846C74FDD86B9BA0C47AAAA93FCC8A715763B5CF37F84BA699F58B8D44E316C981FEF367FA0AF5D3CB66B88F85B69F67F0BC93630D3CC49FA018FF001AEE2BE6733ABCD59AEC7B983872C10E2A92C4D1C8A191810CA7B83D45796787EF64F86BF15046E48D36E58A3FA796DF74FE071F91AF5306B92F881E1A3E20D104D001F6DB40593D597BAFF5A795E2953ABC92D986328BA94EEB747B740EAEA1D4865600823B8AF93BC44A751F8C7A846BC87D55907D03E3FA57B17C18F1736B5A1B6977721FB6D8E012DD5D0F43EF83906BC9F4D87ED3F1AAF9CFDD5D46E253F4DCC47F315F4735C9172E963C58AF7923D7DB838A050FF78D02BE26B3BCDB3E8E1B216929692B22C28A28A4018A314B8A08A0069E0552D4751B6D2EC65BBBB902471A93CF563E83DEA6BBBA86CED9EE2E1C471A0CB3374AF3B16D7BE3FD63CE901834881B0AA4E0B01E95E8E0B0CAA3E79E91473D7ABCAB963B95ACAD2FBC7DAE7DBAF418F4C85BE44EC57D3FC4D7A4C10C56F0AC30A2A46A301578028B7B586CAD92DADA309128C002A654AD3198C727C90D12161E972AE696AC503D694814521AF2E4EEF53A44A5A28A14DC5DD0ED739BD7BC19A5EB8AD214105C9FBB2C63F98E86BCFAE346F13782AF05D594B2F960E7CC879523DC74AF6434D20152080CA7A82320D7AD85CD6A535CB2D51C95B0719BBC746721E1CF8AF697ACB6DAD47F669CF1E7AFDC63EE3B57A2C53453C2B2C322C91B0CAB290411F5AF34D7FE1E69FA9169AC0AD9DC1FE1FE06FA8ED5C95A5FF89BC0179E530736D9F9A36F9A361EC7B57B74E74710AF0767D8F3E51AB45DA4AEBB9EF24E681C571FE1EF891A2EB7B20B87FB15D9FE194FCAC7D9BFC6BB10158060C083C822A654E517668D235149682170B1C8E780AA49FA019AF0AF0AA3788BE261BB705D44CF3B13E80F1FCC57A77C40D5FF00B1BC2374EA489A7C4319F42DD4FE59AE17E10DFE9363777A2FAE6386EA5DAB133F00AF719FAFF2ADE945A836635649CD23D97A0C0A4C538005432B2B2B746539069315CACEB4D74131452E28C503B8514514909B1C29D4D14A2980B4B494B40828A2971400945145001451450014EA4A5A005A28A295C962D14945300A28A28181A82E6E60B2B692E6E65486189773BB1C002B37C43E27D33C3168D3EA1361C8F9215C1773EC3B0F7AF25BBD43C45F13F53F222536DA623642721147A93FC4D5A469BB734B44672A96768EAC5F17F8C751F1B6A2BA4E8D1BFD87760228E653EADE83DABB3F077836DFC3300B9B8DB2EA2EB82E391183D96AF7877C3563E1AB529689BA56FBF330F99BFC07B56C64B1C93935E6E3B1F68FB3A7B1D187C3BBF3CF7100CD3874A318A5AF0A526DDD9DC90DC7345145480521A5A28013340A5A2800A0D141A00435CF78EADBED7E09D4542E5A255947B61867F4AE86AAEAB0F9FA1EA51633BAD641FF008E9AEBC1CF92AC5F999568A7069993FB3E5EF9BA16AF65CEE8675703D981FF00E24D7B1835E0BFB3C48A35BD7603D5A08D80FF0075987FECD5EF78AFB296E7CDDAC2D252D250025145140AC141A29A7AD0303D69B4B494861451450025145152C028A28A1008690D06834C04A434B486801077A1BB503BD0DDA90C65068A0D021868341A69A06141A2834804A6D38D36818869A69C69A686021A0D29A09A45119A29C4514C0E4E8A28AB331E29E2A31520A063875A905463AD4829143C54AB512F5152AD21DC9D2ADA76AA8956D3B54B02C274352A542BD2A55E8298120ED520EB518A905048E14E14D14F14C4C70A514829D45C42514515402D3A9B4EA01B168A28A620A28A2818B45145002D7CE9F1EB537BAF195BE9FBB315A5BAE067BB73FE15F464672E2BE53F89571FDA5F147525EA1275847D14014276D4A8ABC91E97E0FB6FB1F85B4F8B6E098831F727935BC0D56B5411DA408AA155515401DB02AC0AF8DC549CAAC9BEE7D0D28DA090EA46E46294521AE78B69DD1B1E5DE26B7D43C0BE218BC47A148628666F9D42E5558F2548F43593E09BBFED2F8892DE9400CE2494A83C02DC902BD6755B3B6D4748BCB6BB4DD0B42C4FB103208F7E2BC7BE19F1E3303AFEEDEBEAB0F8875708EFBA478D5E928574D6CD9ED84520E334A68C57CB54DCF5D6C25145159942D1451400529C2A962C14004927A01483AD65EB50DC6A023D3606D90CD9FB44CBD420EAA3DCF4ADA8414A7696C44DD95CE72E4CDE36D47ECF1164D1AD9BE67031E730F4F6AEBADEDE1B3B64B7B78D638D4602A8C53ED2D20D3ED92DEDD02C6A3000152115D788C4A6BD9C3448CA14AEF9A5B8CC52D2E292B81B37109C514B498A9286D2D18A4A43129052D25300C543736B6F7D01B7BA856589B86561FCBD2A6A0715A42A4A12BC5D98A49356679C6BDF0BD8E67D0E62C796F2256C103FD9358BA3F8D3C41E11B8FB0DE2BC9121C35BCE0865FA135EC8A702A9EABA369FADDB986FED96500611CF0CBF46AF7B099B5D72D657F33CCAB8357BD37667967C42F19DAF89EDF4F86C44AB1C419A55718F98F15DDBFC1BB1D67C17A6EA3A348D6BA99B64670CDB9266233939FBA7E9C579BF8CFC1BFF0008CCD0490CE25B6B862101FBCA7D0D7D3BE1F410786F4D807F05BA29FAED15EDAA91714E1B33CB9A929352DCF9B6C3C51E27F026A2DA7DE24A123386B5B80718F556EDF51C57AAF873C73A3789155229D6DEE8F582660A49FF0064F7AEDBC43E16D27C55606D754B612607C92AF0F19F507FA578378A7E0FF88340B992E74A56D42C97251E238917EABD7F1153284648AA756503DA48C1A4AF06D17E25EBDE1F3F66B90D75127CBE5CE4EE5F501BAD7A468FF13FC3BAA84496492C676E0ACC015CFF00BC2B9E5464B63AE35E2F46763452452C7346AF148922372195B7034A456366B7364D3D8514A29B4E140C5A5A4A5A00414B4628A04C5A2928A004A514DA29318FA5A414F0A5BA520128A93CA6A827B8B6B5FF005D730C7FEF48ABFCCD3B37B225C921F484E2B26EBC55E1EB35266D62D148EA03863FA573DA9FC53F0C5944ED0DCCB7928FBA912101BFE0478154A9CDEC88738A576CEE01CD711E36F8836DE1C85ACECF6CDA93AE003CAC7EEDEFED5E69AFFC4AD775C6296F37D8AD73F2C711C13F56EA69745B9F095815BED567B8D42F89DDE5AA1D80FA924F27A574C28B4AF231957527644FA4F8535DF1A5EFF6AEAF3C8B039CB4B21F9987A28EC2BD6B4ED3ECF48B18ECAC6211C2831EEC7D49EF5C4AFC56D1563089617C02F00055000FFBEA8FF85ABA737116997CEDD8617FA135C78B857ABEEC56874D195282BEECEFE8C579D3FC4FD49862DBC3937B16DC4FE8B4ABE3CF144C0797E199083DF637F85798F2DAAF7B7DE757D6A07A253715C245E26F1A4C7E4F0D103FDAC8FE7528D73C6C7FE65C4FFBEFFF00AF50F2D9F56BEF296213EFF71DB628C5718BADF8D0F5F0DC7F8C807F5A99355F1837DEF0EC23FEDB81FD6A25974D755F78D574FA3FB8EB7F1A5C5615BEA7AB34A8975A234418E0BACCAC056C86AE3AB4654F7358CAEAE498A31480D2E45623B8941A4A280034CB91BAC6E93B344CA7F1069E69197745221E8CA457450FE22264AF1679EFC049563F1D6A31B71BECD801EA432D7D0E5ABE6CF8310B1F8A1205623641331C771903FAD7D23D2BEDB7499F353D24C7514514890A28CD19A004A61EB4FA61EB40C292969290051451400945145200A4A5A4A40C4341A0D0698094869690D201A3AD29A28346E030D2529A4A006D21A5A4341403BD34D38534D2105252D2500069A69C69A6818CA2968C522AE21A283450072468141A0568663853853453C75A603C5483AD442A5150CA1E2A55A88548BD6802CA5594ED5552ACA54948B2BD2A55E82A25E952AF4140128A945423AD4C29882941A4A05310F14F14C14F14085A28A298829D4DA75002D1494550052D252D0014B4525003E2FBE2BE4E936EAFF166E4FDE59B5391BEABBC9CFE42BEA9BA95ADEC6EA71D62859F3F4527FA57C9DF0F01B9F1CDAC8C37302F231FF809FEA6A2A3B424FC8D696B348F75C52D252D7C5D47791F45156560A0F4A283D2B32CAD7A376997BDB1031FFC74D78F7C2C40FE337CF681CFEA2BD7B50765D1F502BC30B7739FF809AF2CF84D6CEFE20BDB91802280A9FAB30C7F235EFE074C2D47E479D8B5FBE81EBBDC9A292815E0C9DD9DC145145414140A28A0075368A334EE0068C52D145C4371C53714EA6D2186290F14B450025252D2628631B8A314B9F6A3348771B494F140EB4D000A51CB01EB40A55FBE2AE176EC4B3CDFE25B3DD6BFA1E9A832ECC085F7660057D056F0882DE38874440BF90AF01DCDABFC74D3602B95827418CF4DABB8D7D0CEBB5F15F65422E34629F63E77112E6AAD883A52D2F6A6D69B183D0E73C47E04F0F789E065BFB15131FBB7117CB203EBBBBFE35E43E23F811AAD913368372B7D167EE4842B0FE86BE81A2A94988F91663E2CF055C88A5FB769ECA7E507214FD3B1AE974AF8C3AB5B858F52B786ED0705D46D63F5C707F2AFA42EAD2DAF6DDADEEE08E78586192440CA7F035C26B7F077C27AB02D05B3E9F29CFCD6E7E5FF00BE4F155EEC959A2E3392D998BA57C4CF0D6A2AA24BB3692B755994803FE05D2BACB2BCB3D463DF677705C2FAC6EADFC8D7956B1F00F5C81D9B4ABFB4BC8F190B29313FD39C8FD6B8AD43C19E2DF0DCDBAE34CBC8197FE5AC39603E8CA48A87422F546D1C4C92B347D26508EB48457CE569F10FC55A6388CEA12B6DEA9380DFCEBA3B3F8D1AA463179616F38EE54943593C3C96C6B1C4C5EE7B5018A2BCCADBE35694D8171A65D213DD595BFC2B5EDFE2D785661FBC9EE203E8F013FF00A0E6A1D192E85C6B41F53B6A2B9497E26F842187CC3A9994E32112262DFA803F5AE3F57F8C77770CD6FA0D8F943A09641BD8FB81D0525464DED607563D19EB928F210C9332C51AFDE6760A00FA9AE6354F885E16D29595B51FB54C38096CBBB9FF007BA57960D17C6DE3090497D24FE5373BEE5CAA0FA2FF0080ADCB1F8516F0957D4352129EE90AF1F99A26E8D2D672F90D2AB3F85162F3E35AA12BA7E8CA403C34F2727F002B02E3E27F8CF5594A587EE41FE0B58327F3209AEEED7C11E1BB47DCBA6ACA474F398B0FCBA56EDBC715A26CB4822B74F48902E7F2AE696658687C2AE68B09564F5763C6D97E206B2C5663AA32B7766645FE82A48BE1CF89AF98B5D3AAFBCB36EAF652EE40CB13F5A6E0D73CB3A6BE08A358E023F69B3CB21F8457671E7EAD6CA0F6552C6B461F84BA6A8FF48D52E1D87F0C7181FA9AF42C526DAE696715DF91A2C0D247276BF0D7C3502812413DC11DE4988FD1702B521F08F872003CBD22DF23BB65BF99AD9029D8AE79E635E5BB358D0A515A228C7A4E9D12E22D3ED57D088866A74B6B7460C96F129F55400D4D8A51583C5557BB65A8416C80315E9C521672725DBF3A7521150EBD47D4764BA0DCB7F7DBF3A32C7AB669DCD1CFA52F6D3EE3139F5A0E7D4D2E69322A5D493EA31A568029F476A5CCDEE201C51934D345218FA0D369680B0A69077A4A476290CAE3F8549FD2B7A3F1A265A459E71F07A554F8B3740F568A603FEFA15F45139C57CE1F05636B9F89734D8CEDB795D8FD48FF001AFA3C1CD7DBAD91F353DD8E1D28A28A44099A334514005369D4D349809450692818B4525140051494520B8B49452500068341A0D00253453A9293608290F4A5A0D08089A9B9A7352505585A69A7534D00141A0D254809494B4954084A434B486818D3D69A694F5A4353718868A0D1401C9D14515A198E1D6A41518EB520A60870A7AD3075A905414878A78EB518A78EB401612ACA74AAC95653A52291654F152A9E2A043C54C869013834F06A3079A901AAB88752D252D021E29C29A29C2801696929682429D4DA75301B4A3AD2528EB4C070A5A414B4C04A051450053D6D8A786B5661C15B394FFE3A6BE5CF85ABBBC5C1B3F76163FC87F5AFA5FC61706D3C0DAECE0E36D9B8FCD48FEB5F367C291FF154487D206FE62B2C43B5193F235A1AD447B552D333CD3B22BE2A5B9F488294F4A4A53D2A40A97EA5B49D4001D6DDC7FE3A6BCC7E13BCA9AAEA6ABC068813EF86FF00EBD7A94CACF63748064B44C3FF001D35E51F0B6ECA78A2E2DC9F91E16E3DC366BDEC0EB849AF238715FC589EB74E1D29B45784F73B130A29690D49414514500140A052D00C4A052D14086D253A92818945145002518A28A0042290F14EA4C500328A5231494C07539065C536A0BEB9165A6DD5DB1C2C31331FAE38ADF0F16EA25DC99CAD16CF38F046AD636FF199EFF509D2284CF305776C2863B82E4D7D206549F1244EB2230C8653906BE48F0FF84EF7C55F6B9EDE68A3F2C827CCE0331EC2B4ACB5AF19F80AECC30C93A44A46E89F2F11F703A0FC2BECDA8D9453D51F39252BB925A1F53838A4AF23F0E7C76D32E912DF5FB596D26E8D3C43727D48EA3F5AF4CD2F5ED27598166D3751B6B85232024833F975A4E2D199A1451CF614609E829EA014D34F08DE94D7644CEE91540EECC05080414E1E84647707A1AAB26A7A6439F3353B44C7669973FCEB367F1AF85ACD8ACDE21D3D48EA3CE53FD69AB8268D3BBD1F4ABF8CA5D69B672A9EA1E1539FD2B95D47E13783352CE74A5B727F8AD9D90FE59C7E95666F8A3E0AB742CDAFDBBE3B47963FA572FACFC79F0FDAC6CBA4D9DCDEC8780CEBE5AE7B1E79AA4A43B2653D6FE0C78274BB396F2EB56BFB1823192D24C847D002B927DB35E277BA75ACDABB5AE80D7379096C23488031FC0575AB3EA9F13FC45E6EABA8A41067E487770ABE8ABEBEA6BD3348D134CF0FDA0834FB7507F8E46E59BF1AC2BE2D508DDEACDE8615D57A688F39D13E135EDC049F56B95B588F2D1C6373E3D3D07EB5E87A4F86B46D0540B1B35F300FF5D272E7F1AD20C4F5A5C578189CC6B5476BD91EB51C1D3A6BBB0249EBCD005280294915E5CEA4A4EED9D62629C16999A766B3DC1EA3C0A314DCD266813168A0D25016168A28A02C2D141A4A0028A4A280B0B41E94945016129334B4940C5A2928A00334668CD19A00334668CD19A003355756B816DA16A33138D96EEC3EBB4E3F5C55ACD73BE3ABB169E0FBE3FC52858D79F5233FA57660E3CD562BCC8ACED06CC8FD9FED8BF89B56BD38DB1DB2C67EACD9FF00D94D7BE815E35FB3F5A94D2759BD2BC4B32460FAED04FF00ECD5EC60E6BEC9F63E6A4EEEE3C5068068269122668CD266933400668CD19A4CD204828A28A061451452B80945145001494B49402034D34E34D3486069B4A68146E025068A0D00D0C6A286EB45001451452010D34D3CD30D00369296928189494B494CA1868341A0D480868A0D1401C99A0506815A19D870A78E94C14F1D298EC3853969A29EB525120A7AF5A8C53D7AD005943CD58435550F35650D4B432D274A993A5574E86A64A90261520A885482989920A754629E2988053C5305381A60482945301A70A621C692928A01A168A0D142621D4B4DA5AA01690F514B4868039CF88AC57E1A6BE57FE7D88FCC81FD6BE7AF84E33E23B8F680FF00315EFBF1399D7E196BC507FCB1507E9B96BE79F860EF1F8B540380D0B06F71C1ACF11AD192F234A0FF007A8F6ECD2E69B4E35F1335A9F48829C7A53294D48C7C6BBD644E9B948FD0D78B780996DFC7810F04AC8BF8D7B4C3FEB2BC3ADE45D27E279DE76AA5F3293FECB123F91AF732AF7E9D48791C38CD25167B79EB494A7AD2578D5172C9A3B23DC5A0D21A056634145068A0614668A2801D45368A0028A28A6021E28A5A314806D14B4B400DA4C538A96E829E20773F748FAD5461296C85748848A4A65CDEE9F64A4DDEA5690E3A869066B0AF3C7BE18B2C817C6E187F0C285BF53815D10C1D69ED16672AF08BB367438AE5FC7F72F6DE10BA0ADB7CD6543EE339C7E959573F1674C4C8B7D3277F46770BFA0CD717E29F1B5DF89D22B730AC16D19C8894E4B37A935EAE0B2FAB19A94D592397118B838B8A3BDF86962D07850DC3215134AC549EE0719AEAE5862643E72A32770DD2BC6B4FBCF18BE9D0D869F15F8B74CEC548881CF5C1C55C8BC11E3BD680FB4A4CB19EF7370001F8649FD2BD6961DB93937638E35D462928DCEA35DF0EF83AF15E49753B6B19C73BA1753CFBAD7975DA0D2EF9C69BA999554FCB3405973FCABBFB4F8357CCDFE9BAAC119EE2252C7F338AD9B5F83DA3C2C3ED57F7538EE14051FD6B68CA30566EE65284AA6CAC70FA4FC56F1968EA121D5DE68C7F05CA8907E679FD6B6FFE177F8DAE7F7500B21237DDF2AD4B367D8127F957A059781FC31601443A443232FF0014F9727F3E3F4ADCB6B6B6B25DB696D0C03FE994617F954BC445741470B27BB3C864BCF8ABE224DCD2EA2B13F380042BF90C554FF840FC717BFF001F170C07A4B759FD2BDB4BB1EBCD2673DAA1E25744691C225BB3C9AD3E0E5DCA15EFB5A8D18F55446723F124569C3F0734A8C8F3B53BB94770A8ABFE35E8D4A2A1E224F6358E1A08E3ED7E16F85ADC866B59E73FF4D676FE4B8ADA83C19E1880154D0ECC8231F326E3F99AD9140A87564F765AA515B23CDFC55F0EBC864D4FC32AD0CF11DEF02B73C774FF000AABE1AF1F34D7634DD6F11CE0ED13B0DB93E8C3B1F7AF531C1AF36F89DE0E1776C75ED3A10B3C58370883EF2FF780F51DE9DA359724D09F3537CD13B60010082083C823BD2D79FF00C39F14BEA117F64DEB96B88D731331E597FBBF8577E4D7CF63284A8CDA67A146B2A91BA0CD1494570336168A4A2900B452668CD003A969B9A5CD002D1494502168A28A0120A2928A06145145300A4A2929020A2928A005A28A33400514945003ABCFBE2A5E84D2ED2D3F8A462E7E8057A0A8DCC05790FC409E4D57C77069B1B6EDAC9020FF006988FEA6BD9CA6973D552EC726327C94BD4F67F843A59D37E1F59BB2E1AE8B4C47D4E07E82BB9A86C2D23B0D2ED6D2250A90C4A800E980315357D249EA78219A3345148028A4A280B0514514AE0145145002D06928A00434521A2800A28A2800348694D21A434C4A4A534DA2E30A4345250006928A2862B85068A2900D3D69B4E3D69B4009494EA4A06069869E6986994069A69C69A6801A68A0D1520727451456846C385385345385021E29C29A29C28287835229E6A3069E0F34864E9D6AC276AAC95613B5219654F153A9E955D4F15329E95204C0D480D440D3C1AA025069C0D301A7034891E0D2938A6034E073400E0D4A0D305381A603E96999A7669898B452514085A5A6D28EB4C18F141A074A0D311CAFC4B655F865AFE4F58001F5DCB5F3AFC32FF91B93FEB8BFF2AF69F8E1A935AF8212C636C49793818F555E4FF4AF13F86EDE5F8D2D95B82C8EBF8ED353595E949791745FEF11EE54B4DA5AF889AD4FA642D385369C0D677182121862BC4FE21C1F61F1DCF2A7FCB52930FA9033FA835ED80E1857967C5DB3C5EE9F7EA38923646FAA9FFF005D7B1934ED59C7BA38F1B1FDDDFB1E996973F6AB1B79F1FEB2356FCC54E0E6B9EF04DF0D43C23632E72C8A626F5CA9FF000C57420D71E329F2559235A1272826C28A0515C66C80D028345031690D146680128A33466800A28A2800A28A28016A1BCBDB6D3ACE4BABB9047146B924FF002A9875AE3BE2645732F857F708CE165064DA3385C1E7F3AE8C2D2552B46127A333AD2E5837D8C0D6FE2C5C38306896A90203FEBA55DCC7E9D856047A878D7C44C3CAFED0B956FEE06553F8F02B5BC03AC78474C551ABD9017BB895B9957CC400F6DBCE0FBD7B459EAFA75F28FB15DC1326323CA60401F41D2BEB952A5455A313C6E79D4D5B3C5EDBE14F896F57CCBA682DC9ED23E4FE95B16DF059786BCD6886EE21873FAB1AF5923278A36391D28F68FA0D535D4E1ECBE14F85ED541963B8BB61DE6978FC94015D059F87345D3B1F64D2EDA323A304048FC4D685C5D5B594464BBBA82051D4C8E147EB5CBDF7C4BF0B5812BFDA1F69901FBB02330FFBEB18FD69DE72297223AA0028C0000F4A2BCF24F8C7A5B1DB6BA5DDCEDD87033FCEA7B6F1DEBFAA483FB3FC297057B348DB40FC4802A65193DCB8CE2F63BB3C9A6B0CD66E9D36AF3C05B548A0B7909E2385B7607BB74ABE2B17A3B1A2618A3145152CA0C51B68CD19A4C028A4A2815C5CD2EEA6D250324DD4842BAB23A865652ACA7A107A8A6538534DAD80F0AF15E9171E09F18ACF684AC0EDE7DBB63F849E57F0E95EB1A6EA09A9E9B6F7B1E36CCA188CF43DC551F88FA18D67C2B25CC69BAE6C7F78BEA57F887F5AE53E16EACD2DB5CE99339263FDEC4A7B2FF17EA4518FA51AF8773EA8C6849D2ABCAF667A2839A5A686A757CA49599EB8945145480993464D251400ECD3B351D3A801C0D00D341A506801734668CD19A00334668CD19A00334668CD266980668CD373466900B4514500149934B4943180A5A414B4D03D08EE6E92CACE6BA94E12142CDF415E5FF0CB4E6F14FC4E4BD9D772C3235DBE7A6E072BFAFF002AE87E26EB22C3C3F158452812DD9F980EA1075CFD4F15D37C0EF0FAE9DE167D5A54C4F7CE7693D7629C0FD726BEAB2AA2E9D1E77BB3C6C7D4729722E87A9124D2519A2BD03CE684A28A28B80514514AE01494B49400514514C02929692800A28A2900514945170026909A33484D1B8099A6E68CD19A00334669B9A3340C5A28A2930625266969B4005252D2508033413499A334EC5210D34D38D30D0C629A69A534D3400868A0D152072745145590385385345385301C29E29829C2818F14F1D69829E0D48C9D2A64E955D7AD584E94022C29E2A753C0AAE878A990D0DD864C0F4A901A881E952034AE0480D381A8C1A7E6810E069C0D301A7034087834034C069C0D301C29D4CCD381A04C78A2901A5A620A5A4A5A04C70EF4E4F99B14CCE2B3FC41AB0D0FC33A96A64806DE0665CF396C71FAE2A96AC4CF9F7E2EF881B56F1ECB6F1B86B6D3D05BA80720B7563F99C7E15CB782E41178DB4F63DDC8C7AE548ACB7965BB9A5B999CB4B2B17663DC9E49A934A97ECBAFD94FFDC995BF5A738DE0D790E9C929A67D0E694521EDEE334A2BE22B69368FA88BD130A514940AC0A43CF515C87C4DB1FB67838CEAB96B5955BE8ADC1FE95D79A86E6CE3D46C2E6CA501927899307D71C7EB5D981A9ECEBC6465888A9D368F3AF84BA9EFB7BED298F2A44C9FC9BFA57A40AF0DF06DEB687E34856662AACE617FC78FE75EE47826BD1CE29253535D4E4C14DB8F2BE83A9734DA2BC3677A168A4A290C5A2928A0028A28A0028A28A0028A4A2801D48E89229491559482083D08F4A5140AA8B69DD3135738CD53E1AE8DA848D25BB4966E79C47F32FE47A57177BE01D734706E12F214B656C79E253181EE41AF44F16F8AE0F0D592ED5592F26198D09E147F78D79EC169E2DF88B721867ECCA71BD8F970A7AE3D4F1EF5F57974AB4A9F34DE9E67938A54D4AD1DCCD4F1AF88B4991ADED35C966854E0367729F719A90F8BFC67AA2955D42FA453D444A7FF006515E9BA0FC27D174B749AFD9B5099792AC36C59FA77FCEBBF8D2382258E18628A3518558D02A8FC05773A915B239A34A6F767CD83C37E2AD55B7C961A8CA5BBCAAC3FF42AE8341F84BAB5E5D236A98B3B5072FF00306723D06381F9D7B99E6900A875DF42D61D5EED993A6786B47D0E158EC6C214C0E5D903337D58F357C9C0E3A54C454645632936CE88C147444479A29C46290D66CB1290D2D21A431A68A0D14805A2928A005A2928A60029C29A28A06483055948043295607B823045787F8711346F8992D9292AA2578803E8791FD2BDB4122BC43C681B4AF8A02E572A5E48E5E3DF15B535CD0947BA39ABE928CBB33D74FDEC53A9A3900FA8CD3BB57C8D68F2CAC7B1177498DA28A2B2185149450014B494B4005385369C3A5002D14945002D146690F3400514DA2800A28A2801D45145001494B49486029E368567660AAAB924F4A60E722B8DF88DE231A5E95FD996ED8B9B95CBED382A9DFF003AEDC1D075AA28A32AD55538B6CE2754965F1C78F60B4B60CD1C92AC31E3B283C9FE75F53595945A5E9D6D6102058ADE358D5476005790FC0AF087916F3F89AF62C3C80C56A187217F89BFA7E75EC8CDB9893DEBEBD45422A2B647CE4A4E526DF51B934668A28258EA2928A0028A4A28043A928CD2503168A4CD19A0028A4A33484145345143D02C3A928CD2668003487A529A69A00434945140D05368A75031A2968A29313414DA7536860141E94521A0043494B494D3181A69A71A69A450DA4A5A4A100868A0D1480E489A01A426806B4440F069C0D301A5068025140A41D2945003C53C75A60A78A432643CD4C86AB29A990F0290D1695B8A995BA55653C54CA781498CB20D480F355C374A941A404C0D381A883714F06AAE03E9D4CA7500381A7034C069C0D22475385369C2980EA5A4A5A2E4BD029692968016BCB7E39EBAF65E1DB4D1A17DB25F4BBA5E3FE59AF38FC588FCABD481C915F357C5ED65F57F88B7116E262B2458147B8E5B1F89AD23B91238A44C28155E64659038E0AF20D5DC702A19D3721C56BB91D4F77D0EF46A1A1595C86DDBE15C9F70307F95690AE17E19EA26E3449ACDDB2D6D2FCB9FEEB73FCF35DD0AF8BC7D274EB34CFA7C34F9E926145145709D02D2862AC08EA292909A71972BB83573C5BE22E96FA378C1E78FE58EE31711B0F7EBFAD7ADE957A9A968F677A873E744AC7D8E067F5CD737F1474B37DE1A8AFA35CCB68FF311D7630E7F007154FE17EB62E349974A95B325BB6E8F3D7693C8FC2BE8EB7FB560D4D6E8F2E0BD9621C7A33BE14B4D14EAF9C92B33D3421A2834548C2969296800A28A2800A28A280128A28A0070A50334DCE297AD303C7FE265A5CAF89BED72C4EB6C554230195E074FAF5AD1D37E2FB69DA7C16634683CB89428113ED071DF183C9AF4D96DA0BC85A0B88A3961620347228656FA835E4173E1AB4F13FC429B48D1614B3B58988770490157EF30FD715F5B9762956A2A0D5AC78B8AA52849CD75375BE3660029A2AEEFFAEC7FF89A69F8E3381FBBD122CF70D31C7F2AEB2CFE15F856CA1D925AC978F8E649642327E83A53C7C37F098FF985AFFDFC6FF1AED6E9AE862BDABEA71DFF000BCEF8FF00CC12D3FEFEB7F8527FC2EFD4CFDCD16D33FEFB1AEFE0F03785A1C6CD0ED091DDD4B7F335AF6DA5E9D66A05B585A418E3F770AAFF002150E54D742D46A3DD9E6707C4EF17EA248B2F0E44EC7B88DC8FE62B5F4C7F885AA4C24BB7B4D320EA7E40CDF40A49AEF42A2F4007B50456729C7A22E3092776C81212B1A891DA4703E663C6E3EB81D2948A9314D238AC1BBB3A1119A0D29EB486818DA28A2900514514C02929692800A28A0D31866BC63E2A71E39B66EE618CFEB5ECE2BC6FE27A19FE20DA451F25A38801F535B51DDFA1CF88D97A9E9F6EDBAD213FEC0FE55283D2A245D91AA7F7542FE54F15F2788D6A33D6A7A450ECD37346693358962E6969A0D28A910B45145002D2D37346680168A4A2801D934669B45002D145140051451400EA28A2800A28A466545677755551B9989E83D6AA317276436D2D595B51D46DF49D3E7BEB96C470AE76F763D80AF21D0F49BEF88FE3A098658A693CC99FA88E31D7F4E2A5F19F8926F14EAE9A6E9EB235B23EC8D1473231E377E35EEFF0E7C1707833C3CAB3283A9DCA87B871FC271C28FA0AFADC0617D853E67BB3C1C657F692B2D91D55AD9C1A658DBD85A204B78102228EC0549413BA8AECBDCE3128A28A0028A28CD0014526EE68DD4AE085CD34D1BA8CD05099E68CD069281343A939A4A4CD021C283499A0D0026693345250029A0D0690D0014D34EA6D0341450296818514514806D252D25084069283450025252D25030A4A5CD266818DA4A5A4A4310D141A280391A28A2B42070A51482945003C5385345385003C53C53053C520B8F152AF41508A917A0A0A2743C54CAD5594D4CA7A521960374A941E6AB06E454A1B9A4058534F078A854D3C1A00941A70351834F06980F14E1518A70A043C53C530528A044829453053C5048B45251400F4C6724E14753E95F206B77E9AB78AB53BF8F2639EE1DD09F42C715F4F78E3543A3782357BD56DAEB6ECA87FDA6E07F3AF94AC146D2DDEB5A6B4B9122D9180298EB95352B76A6D68677353C15AB0D23C491798D882E0189F3D067A13F8E2BDB057CE5768C0065E0A9C8AF6AF04EB635AF0F44CED99EDC08A43EA4746FC47F2AF1337C32947DA23D7CB6BA49C19D1D2D3696BE65A3DA168A4A2A4412409796F2DB4CA1A2990A329EE08C578B5AC773E06F1E2A5D64468E55987468DBA1FCABDA81C570FF13F486BED220D5228CBCB6E76485473B4F427E95ECE57884A4E94B6671E3295D29ADD1DAA3ABAABA10CAC03291DC1A7835C5FC39D786A5A5369D2B66E2DBEEE4F2CBFFD6FEB5DA57263683A555C59B51AAA70BA0CD19A28AE368D45A4A5A4A91851451400B451450021A29692800A5A4A5A00721F9ABCBBC41E15D6F46D6A7D6340690C6EC5C796DF3A6792A47715EA0282735E960B153A32D35B98D6A51A91B33CA34AF8B1ADE94C61D56D12F5578F98F96E3F1C107F2ADC8BE3469EE479BA45C27AED91587F2158FF00156FED91AD34E8E1884E84CB238401F918009FA738ACBF0678474CD474CBBD67C45732DA69B11DA9B4E0C8DED9EB8AFA9A76A90526AC78B5252A73E48BB9DE43F183C3CD8F320BC8FD7E40DFD6ADA7C57F0AB7DE9AE17EB09AF25F11DBF856311C7A04B7D71393F31907CBF41DEAEE89F0C3C47ACC29706DC5A5BB7DD92E0ED247A85EB43A50EA25566F647A79F8AFE131FF002DEE3F084D4127C5DF0D26760BA93D311E3FAD62DA7C13B655537BAD48CDFC4B14381F9935AF07C22F0D407F7AF773FF00BD26D1FA0ACDC692EA5C5D57D0A937C68D217FD56997327D5956AA9F8ADA8EA4E22D1BC38CEC7A1772DFA003F9D76365E0AF0C69E0793A2DB330FE2997CC3FF8F66B6E2822810243147128FE1450A3F2152E54D6C8D146ABDD9C669969E37D5A65B9D56EE2D32DFA9861405C8FA1CE2BAF48F6281B998E39663926AC1A691C56329733378C6CB523C518A52A73498A92843494A692800A4A3146280128A0D20A007578BEA52FF6B7C5D519CAC73AA0F60A2BD7F51BD8B4DD2EEAF26388E18D9CF3E82BC6FE1F5B49A8F8A2E3529324C60BB13EAC71FE35B27C94E537D8C67794D47CCF5A3C3114034940AF93AAEF2B9EB256560A28A2B2285A5A4A280168A334548828A28A005A2928A005A28A280168A296801296814503B0B45213433A450B4D332C7128DCCCC7000AB841C9D903692BB1C064D79B78D7C58D7F76BE1ED2DB72C9208A4914E773138C03E9CD53F19F8F5EF58E9BA3BB2C39DAF2AF064F607D2BB3F857F0C5ECBCAF10EBD1049C8DD6D6EC32CA0F4623B1F4AFA3C0E5CA9A552A2D7A23C8C562D3BC626FFC3DF86167E166FED2BE7173A911F21DB858B3D703D6BD0C9DC724F3481B3400735EADEE79C9585A5A05250014519A4CD2620A426834CA02C3E8A6D1458414A29B451B142D14525002D21E943743483A500141A2834009451450214D34D38D34D002514EA28185251494802834DA28B00B49452500069283494005252D250019A6934B4D34862D06928A4310D141A280391A28A2B52070A050281405C78A78A60A78A0078A70A68A70A0078A7038A6034E069144C0F14F0DD2A253C5480F4A432506A60DD2AB835229E9401655A9EA6ABAB74A955BA52027078A78350834E0D4C0981A78351034E068024069D9A8C1E69E28247034F06A3069E0D04B1F452034B9A00F34F8E5AA0B3F04436433BEF2E15401DD54127FA5783DB205846057A77ED017DBF59D1EC01388A16948FF007881FF00B29FCEBCCA118896BA21B19498F345068AA208E550CA6B57C1FAEB787F5D52C4FD967F9255278F63F8566374C5569D7E52475A8AB4D4E2E2F665D3A8E9C9491F42A38750C08208C823B8A94579D7807C5AB3C51E917B22ACA83103B1C6E1FDD3EF5E840D7C6E330D2A13699F5187AEAB41343E8A28AE268DC2925892E2DE5B69943453294653E8452D2D38CDC24A48524A4ACCF0C996FBC0BE2E62A49F29F20FF0C887FC457B3E97A9DBEB1A7C77D6CDBA29074CF2A7B8358FE32F0BA78934CCC7B56FE004C2DDD8775AF38F07F896E3C2BAABDA5E875B467DB2C6C398DBD715F4728C31F41497C48F293961EA59ECCF6BA2922923B8812781D6489C65597A114EAF02A41C5F2B3D28C935741451456452128A28A918514518A005A28A2800A28A0025800324D114DBD005158DE26F10DBF8734A92E64DA67618823CF2CDEBF414EF12788EC7C316267B8757BA65FDCC008CB1F53E83EB5E2F3DC6AFE34D7D7E56B8B994ED4503845F4F602BDBCBF00E4FDA54D1238B118951F763B89656D75E28D75E7BB91DD72649E53D1547F2F6AD971A878DF578344D263F2AC601B224190A8A3AB363B9AF4383C2D1E93E0EBAD26D829BB9A12249075662338F615E79E1CF126A5E00D4E7F32C4666F965495482403D54F6EB5EED2AF0AAED07B1E6D4A528BE67D4F5BF0D781746F0BC2A446B777BD5A7917A7FBA3B574A5D9BAD70DA5FC55F0EEA2AA2E5E4B294F512AE573FEF0FEB5D1DA789343BCDBF67D5ECD99BA2F9CA0FE44D67514EFB1B5371B68CD361CD348E29EA5245DC8EAC3D54E45051BD2B069F5354EE478A5C629FE5B534823AD2650D341A522908A06348A69A7914C228B80CA297146295C1A131498A7629B8A602628EF4BB4F6A63B246ACF232A228CB331C051EA4D35762BA38AF8A3A87D93C2BF675621EEA40B8FEF28E4FF4AA7F0F3493A7F87C5C38C4974DBB18FE11D2B96F156AA3C65E36B7B4B37DD6A8CB14473C373F337E35EA704296D6D14080058D02803DAA71F274E87277270EB9EAB9762414B480D28AF9A7B9EA094514540C5A28A290066969296800A28A2900EA0D25140C5A28A29122834B9A66694649C019A693631D475A6CAF15B4465BA9521897AB3B605717AFFC4AD334D578B4C02EEE3A07C1D8A7FAD76D0C154ACEC91855C4C29AD59D4EAFAB58E83686E7529C44BCEC8FAB39F615E4FAF78B354F195E2699A6DBC82091B096F1F2CE7D4E2AE68DE0CF167C45D416F6EBCC8AD58F375700AA81E8A3BFE15EF1E12F0468FE0BB11158C0B25E30FDEDDC8B9663EC7B0F615F4786C0D3A0937AB3C8AF8C954D1688E4BE1C7C24B7D0A38B57F1022CD7E7E68EDD86561FAFAB7F2AF5076DC47A0E8290B331C939A52335D6E4D9CA2014B4628CD20133499A09A4CD200A4A28A0028A28A0028A290D00145145001494B487819A000F2314A381489CAE7D4D2E280128A28A002929692800A28A2800A28A29009494B4DA18094538507A500329294D2500145145030A4A5A4A63B094DA7520A4F401290D2D21A901A68A0D1401C8D1494A2B533DC70A51482945003C53C53053C5031C29E29829F482E28A78A60A78A451203C5381A60A78A063C1A783D2A314F14012A9E95283D2A015229E05004CAD520350034F534B602C034E06A1069E1A9812834F0735083CD3C1A0925069E0D440D381A04C941A406999C9AA5ADEAF6FA068977A9DD3AAC56F19619EACDFC2A3EA7142D44CF9E3E2EEA69AAFC49B948D832DAC696F9073F328CB7EAC47E15CD28DA807A0AA6F7126A3AA5C5F484B3CD2B48C4F724E6AD8AE98AB23193D45A28A2990348A69505704669C4521140CA922C90BAC90B156539047506BD73C17E2D8F5DB416D70C16FE2501813FEB07A8AF2C75CAE2AA452DCE9B7AB736CEC9229CAB0AE6C5616188859EE75617132A32F23E8D14EAE5BC23E2F83C416AB0CACB1DEA8F9A3271B87F780AEA6BE3F1387951972C91F454AB46A46E85A28A2B919A8B5C2F8F3C1875689B53D3D3378A332C63FE5A0F51EF5DD515D584C54F0F514A2655A946AC6CCF14F0AF8D6F3C3531B3BB8DA6B2CE1A3638643FECFA7D2BD7F4CD5AC758B45B9B19D654619207DE5F623B5737E2AF005A6B99BAB1DB6D7E7258630921F703A1AF348A5D77C13AB72B2DB480E19597E5907E3C115EF4E9D0C7C79A0ED23CE53A987767AA3DF09C5345713A17C48D2EFC245A862CE7E858F284FF4AEC60B9B7BA8C3DB5C45321190C8C1ABC6AF82AD49EA8EEA58984D68C968A28AE3716B7364C5A5C5253AA4AB80A294AED52CE42AFA9381587AC78CB40D07226BD4B89C0E2180EE3F89E82B6A386A955DA2AE653AD08EECDB033C921547524F005721E26F88BA7E88925B69A45DDEE30645FB91FF008D705E25F88BAA6B7BADEDFF00D12CCF448F82DFEF1EF51F867C05AA7881D6E6756B7B22DF34B22905BD768EFF005AF770D96D3A0B9EBB382AE2E537C94D1911C5AB78BB5BC0DF737533724F381EA7D057B5F863C3369E15B011C7B65BE61FBD9F1CFF00BABE82ADE93A2E9FA05A8B6D3A109FDF908CB39F527AD5D239CD618CCC54FF00774F446987C2F2BE696E21CB1C9E4FAD4179A7DA6A50F93796F1CF1F6575CE3E9E9567140AF25569C1DE2F53BA518B5668E1B53F859A4DD12F67732D9B13F74AF98BFD08FD6B9CB9F84DABC60B5ADEDACFE80B1427F3AF5F233462BBA966F5E0ACDDCE59E0E9C9DED63C34F85FC69A5B6D861BD503A79329C7E8714E3AB78F34F1869754403B3AB1FE95EDAD9ED464FAD75C73BFE6898BCBFF00959E19FF000B07C5F012ADAA4EA7B865191F98AB117C53F1646A01BF0F8FEF46A4FF002AF6896282742935BC3283D4491AB03F98ACE7F0DF87E56CC9A25837FBB085FE55D10CDA84B78D88781AAB6679A47F177C4AB8DE6DA403B347FE15657E326B2000DA7D8B1F5C30FEB5DC4DE0CF0BCB9CE8B0AE7FB8ECBFD6A949F0FBC2EED91612AFB2CED8AD5663857B8BEA95D6CCE5FF00E1736AA3AE9965F816FF001A6BFC65D6586134FB143EB863FD6BA7FF008573E183FF002ED723E939FF000A55F877E1846CFD9AE1BD9A6347D7F081F56C43EA716DF167C4A5B21AD40FEEF95C0FD69AFF00163C4CCB857B64F7584735DEAF81BC2E9FF30B2DFEF4AC7FAD3C783FC2E0FF00C81A23F576FF001A3FB470BD10FEA95FB9E75FF0B53C55FF003F517FDF95A649F123C5B74DB63BA2A4FF00CF38973FCABD462D0342B76CDBE8D6699FEF2063FAD5D8A08225C476F0C63FD88D57F90ACE59A505B22960AABDE4791A6B3E3DBDFF005726A2D9FEEC640FE55687877C6FADA08EEEE24588F25679828FC40AF57349CFA5612CE17D98A468B00BED3678ECBE03F11698C2E2D912574395681F2C3E9DEA48BC6BE27D1A554BD4660BD5274FEBD6BD780C54177676D79118AEADE29A33FC3228614473584F4AB1BA07807157A6D9C6D87C4CD2A7502FADA7B793A6E5F9D4FF002AEA6CB5CD23505536BA95B3330CED66DADF91AC0D43E1DE87760B40B25A487BC449507D707FC6B94BFF00869AA5B93F61B98AE97B0CEC6FD6AFD960B11AC5D990EA62692D55CF5AC1C640247AAF20FE345789ABF8C7C3AC5106A36C14FDD018AFF515762F895E23B7389DD263DC4B0E0FE98AC679437AD392652CC12F8933D828AF34B6F8B0C187DAF4B439EA62723F435A507C53D3257DB2585C28F50EA6B9A595575D0DA38DA4D6E7734B5CB8F887E1C7214CD3467FDA4C8FD2AC2F8E3C34DFF31303EB1B7F8560F015D7D9668B114DECCE828AC64F1778719437F6BDBA83D32181FCB1504DE38F0D439CEA81FF00DC8D8FF4A9581AEDDB9594EBD34AF73A1A2B9097E25F87E3CF966E25FA26DFE66B3A7F8AB6CA08B6D32463EB23802B68E575DBD8C9E3292DD9E834A07CA58F00753D857935CFC4DD62473F6582DEDC7FBBBCFE66B9FBFF00116B7AA82977A8CEE879281B0BF90C0AECA592547F13B1CD3CCA9AD8F62D47C4FA2E9685AE7508B70FE04F998FE02B8BD5BE2AED468B49B2C36789A639FC428FF1AF3E117E7EB4850433472E33B58311EB835E9D1CB28D2D5EA70D4CC27536D11D958784BC73E3DBA0F245722163B8CD724A46A3D403D7F0AF59F0AFC1CD074048AE3532353BDC6ECB0C46A7D02F7C1F5AEF748D46DF52D06C2EAD4A98258159401C0C81C5583F35762B2D1239DB72776341555088A1557850A3000F414E0734DC53854C82E18A28A0F4A4310D34D29A4140094B41A4A40145145001451450014D6FBB4EA6BFDDA180A3A538537B0A70A4026690F2A47AD291CD18E2980C4055707B53E98DCA9A78E9400D340A0D14000A68EA681DE9C28109452D068431940A0F5A05003A9A7A53A9A7A522469A283D68A0625252D25030A28A298C4A4A5A4A06069869E69869300A434B486958069A28345160391A51D6968AD0CC70A70A68A70A00514F14C14F140C70A70EB4D14E1D6801E29C29A29D4863876A78A8C53C522878A78A8C53C5004829C0D305381A00941A7835103CD3C1A009035480D420D3D4F4A5B013034F06A3534F06811203C53C1A881A7034EC4B2651B8815E03F18FC6EBACEA29E1FD3E4DD696AE4CC54F0F28E31EE07F3AF42F89BE375F0AE8C2CECA41FDAB74A426D3CC4BD0B1F43D40F7AF9D20818B995CEE6624927D4D6908F5339489ADE211C6077A9A9052D6C8C65A8A28A28A602514514862119A8DD03A90454B4879A00A08F716372B3DBBB23A9DCACBC115EA3E15F88B0DF98ACB56222B9202ACDFC2C7DFD0D79D150DD6A8CD6CCAFBD3208E4115CF88C353AF1B491BE1F113A2EE99F498218020820F208A2BC87C27F10E6D30258EAA1A5B51C2C99CB20FEA2BD56CEFED751B65B8B49D2689BA329CFE7E86BE531980A98795EDA1F4147131A8B4659A5A6E69735E7B4750FAA9A969B65ABDA9B6BFB759A2C71BBAA9F507B55A06971570A93A6F9A2ECC1C6325668F28D73E15CE8ED368D70B327510C876B8FA1E86B8B9A0D67C3D747CC4B9B4941F719FC6BE8AEF515C4115CC7B278A39633D56440C0FE75ED61F38925CB555D1C157009BBC1D99E35A77C4ED76CD424FE55DAAF79579FCC56CC3F176E76ED934885BD76CA466BABBBF017866F242EFA68898F53048CA33F4248FD2A81F85FE1EC611EF547FD7553FFB2D74BC4E5F515E4B532547150D13D0C83F1767FE1D2225FF007A527FA567DDFC57D62452B0DBDB459EFB4B11F9D7591FC32F0CAE37ADDB63AFEFB19FD2AFDB781FC316AE197498E523FE7ABB30FCB359AAF9745DD46E53A7896ACD9E3BA8F8935ED75B64F793CB9E7CB4C81F90ABBA37C3FD7F5B65736E6DA03D659F2BC7AE3A9AF6CB6D3AC2C8E6D2C2DE0038FDDC614FE7564B330E4D153378415A8C6C25809395EA3B9CBE85E02D174368E568CDEDD2FF00CB4987CA3E8BFE35D43C8EFC6405ECAA30052628C578F5F1956B3BC99DB4A8429EC800A09A51486B95B37DC28A28A42168A4A28016929692900628228CD19A63B8C229314EC52628B0AEC4C50052E68CD318D2A3D290AFB538D34D2B85C4DB4B8A28A105C4A314515402521A5A414D0D3187AD21A71A4354806D412D959DC645C59DBCA0F50F186AB14E0B9ADE15671774D912A707BA306E7C19E1FBBDC5F4D8909EF192BFC8D67C9F0EBC3EC30B14C87D4486BAF039A475508CECEAAAA32CCC7000FAD75D3C5D77A26CC6587A3BB471137C35D25CE63BAB88CFE0D54A5F86765042D2B6ACD1AA8C969230AAA3DF9AD5D67C7DA5696C63B306F26E8590E141FAF7AF3ED5FC4DABEBF3113CC520ED0AF0A3F0EFF8D7B5868E266AF2D8F3AB4E841DA2B520D720D2EDAE4C5A75DBDE607CCE136A86EE077C565C569249824151EE2AF43008D79E4D4D9C57A518D91E554AADBB9512C517A9C9A9442146063153D14D99F33644231ED4E118C7414FA28B8AE20403D2A29D54C678A9A91C6548A409D8F73F823AF477FE16974877FF0048B0624293C98DB907F3C8FCABD3ABE54F04788CF853C5B6B7EEC7ECCC7CA9D7B143D4FE1D6BEA686649E18E689C3C52206571D194F208FC2B192B33A232BA24A2933466A6E50B48DD0D2D35BEE9A02E2F6A6A7DDA6D385218514514005145140051451437600A6BF2A453A83480621CAF3D471520E86A30305BDCD3C1E28014753437DD3483AD38F4A008C8C263F1A703D29ADF769E053022072CC3D0D38F434C5216E2553EC7F4A938A0062FDDE69694D25020A28A2801B453A8A2E30A434B48DD29084A0F4A28A43186929D494C04A4A5A4A00292969298C43494A692A58C4A434EA4A0061A283453B81CA51451546628A70A68A70A63B0E14E14D14E1400E14E1D69A29C3AD003C53C0A60A78A409894F14CA78A0A1C29E29829E290C5CD3F34CA75003C1A914D4429C0E2802606A453C0A841A78343026079A783C5440D3C1A2C0C941CD50D775AB6F0F68973AADDB011C2B90B9C166ECA3DC9ABC8326BC0BE2CF8B87883585D1ED640D6364E77329C87931827F0E94E316DE844A56471DAB6AF77E25D6EEB54BB63BE66C85CF0ABD947D2A30303029A8811405E94E15D095958E66EFA8B4528A2A84145146680128A28A430A4C52D1400CA28A2802B4D6C1CEE1C1F4A974CD6B51D02E44B672B467F8973C37D45494D645618201A9946325692BA2A33945DD33D43C37F10EC355020BE0B6773C0049F95BE87B5766AE1943020A9E4115F394B6983B93AD6C68BE34D634175412F9D6CA79865E463D8F515E3E2B298CAF2A7A3EC7AB87CC5A5699EF00D385723A1FC40D1F582B1CD27D8E73FC329C293ECD5D5AB0650EA432374653907F1AF06AE0EAD276923D485784F663A8C7B52519AE57168DEE18A314B452B05C36FB518A5CD19A4C1B0C514945171051494520168A28A062514514C028A28A0414514500251451400628C519A3340094DA7536800A28A51400DA434EA69A0634D141A29805250296A9218DC534B54854B74AC9D535FD1F4856FB65EC61C748D3E6627E83A57453A3526ED15733955847766903914E388A1324AE91C63AB3B6D03F1AF38D4FE28B0529A4DA6D6CFCB2CC7711F857177FAC6ADACB96BDBD96404E7693851F4038AF568653525ACF4470D5CC69C5596ACF50D5FE21695A648D1DA29BF917BAE1501F76EFF008579FEB5E2BD57C40EC971298E03D214385158E96E072C73F854AB185E95ED50C0D2A3AA5767935B1D52A689D911240036E3CD58000E8314B8A30735D97B1C6DDC7019140140E294526C028A29334862D1451400521E94B450041347B94FA8AF67F839E371776ABE18D41FF7F0A9368EC7EF281CA7D4638AF1E233559269F4FBD8EEED6468A78583A3A9C15615128DC71934CFB18F14B9CD725F0FBC690F8CB40599B6ADFDBE12E50773D987B1C57564F358B563A2F7571D47634828A0421A514D34EA4C7716834945030A0D20A0D002D14514804A28A280128A28A6028A5CD3452D0021E94E0DD29A7A51400806599BBF4A5CE6814DE8F400EC519A334114009451450C4145141A431290F4A0D21E94C051D28A5141A56019494E3D69B4001A6E29D41A0065252D18A0028A28A0A1B45145480C345388A2981C8D1451566628A70A68A70A631C29C29A29C2801C294520A51400F14F14C14F14000A70A414B498C70A78A60A78A450E14EA68A750C0514E1518A78A00905482A11528A009075A901A88513CD1DADACB7333AC714685999BA0006696E49CAFC49F157FC235E179160765BEBC06280AF551FC4DF91AF9DE0898609249EA49EE6B77C5FE27B9F17788A5BA9188B68CEC8231F75501E3F13D4FD6B280C0E2BA231B2309CAEC70A5A28AB205A28A28109499A5A4A62168A28A062D14514009494EA4A006514B8A3140C5DB513C48E304035351480CE92CF6E4AE71E957B4BF12EAFA13FFA25D48A9FF3CC9DCA7DB14E2298F0A48305454CA3192B345C27283BA67A1E8DF14ECA7554D5E06B790F1E6463729FC3A8AEE2CB51B3D461596D2E62991864156CFE9D6BE7B7B05EABF95220B9B3224B69658D8775620FE95E757CAA954D63A33BE8E63387C5AA3E8FCE2806BC334EF887E23D39F0D746E107F0CEBBBF5EBFAD761A6FC56B0982AEA363240FDDA1395FC8D7915B28AB0578EA7A14F1F4A5BE87A25158769E31F0F5E6043AA42AC7F865F90FEBC56D27EF503C444919E43230607F115E74F095A1F144EC8D58495D31D451C8EA314573B832AE2514514862D14514C61453A8A41619452D14C42514B453B0C6D14B4520B09484669D41A5601B451453B360149DE9D83DC52E2AD5393D90B9911D21AAB7BAB69BA7A16BBBFB78B1D99C67F01D4D73D77F11BC3F6EA7CA796E597B469807F135BD2C156A9B45994B114E1BB3A8A5033DC0FA9C0AF2FBCF8A1A84CCDF60B18211D99F2C7FA572DA8F8875AD5491757B295CE762B6D51F80AF4A964B51FC4EC71CF32A6BE1D4F65BFF0010E8DA6A9375A84208FE053B9BF215CCEA3F1474FB7564D3ED24B86CF0D27CABF5C75AF2D58589CB3727D7BD4C90A8C1AF4E9651429BBBD4E0A999D496DA1B9A9F8DF5DD58B235C791130C1487E5E3EBD7F5AE7BC9690EE7CB13DC9C9AB5B00ED4E0302BD1A74A10568AB1C33AD39EEC812DD57A8A9C2803A5380A5DB5A5CCB71B814FC5146695C120C518A28A6C05A2999A33480751494DA60494534506818EA29A1A97348614C95432F22A4A42322802F7843C4B3F843C450DFC79301216741D193BF1EBDFF0AFA9ECEF20D42CA0BCB6712413207461D0823F9D7C853C61908C5777F0CFE22BF86AE934AD55D9F4A91B0AC4FF00A963DC7FB24F5ACA51D4D632D2C7D1428A8E39126892589D6489C6E565390C3D45480D41A3D76128A28A9620A2928A0A0A28A280168A28A0028A28A402514514000A0D02834C028A28A000518F989A338A3B1A000723343F4C0A44FBB4E3400D141E29690F3400514A785269A1B3400628DB4ECD2679228109494B49498C6D253E9B400941A283400DA314514C04A29683414C650694F5A4352034D141A280392A28A2B4331453853453850028A78A60A78A0638528A414A2801E3A53C53074A78A00514B4D14E1499438538520A514863C528A414A280169452528A100F14F07A5305385004AA371E2BC93E3178BD9634F0D593F2D87BB653FF007CAFF53F857A0F8A7C4117863C3975A8C8034814AC2A4E3739FBA3FAFE15F33C92CDA95F4B7770C6496562CCC7A926AE11BBB994E56D092DA2DB1E4F53CD4E0503E55029C0E6BA0C24F5128A28A402D2134B484D3B084A28A2810B4B494B40C28A28A0028A28A004340A0D028016929692800A29B8A51486147141A29B7602368236CE5466ABBE9E84F0702AE01CD3A8B8AF6331AC5D4F1C8A9ED6F353D3496B5BB9A13FEC3903F4AB94854118349C535668A5524B6669D8FC43F12D9E035C8B851D04CA18FE7D6B6ED3E2DDDC600BBD3217C756472A4FF3AE3CC6BE82A2781586315CD3C1D19EF146F0C65486CCF4EB5F8B1A2C840B9B4BB84FAA8571FCC1AD58BE21F85E6C62FDE3FF00AE90B0AF17366A7B0A4FB10ED5CD2CA70F2D958E98E65516E7BE41E25D12E7FD4EA96C73EAC14FEB571350B076DA97D6EC7FD9914FF5AF9D1EC8819563F9D3561957A3303EA0D73CB24A6F666B1CD65D51F49F991F6914FD0D3C7CDD2BE6F592ED47FC7CCC0FB39A3EDBA947F76F271F490D62F235FCC68B355D51F4895A4C57CE0356D5D738BEB9FF00BF8D41D67586E0DF5D9FF81B7F8D1FD876FB43FED48F63E8FC5212ABD4E2BE6E6D47547C66EEE0FD5CD37ED3A91FF9789FFEFB34D647FDE0FED45D8FA40CD02F2F3C6A3FDA602A27D42C15726FAD87D6451FD6BE7267BC7C6F9656FAB13408A43D726AE39247AC89966ABA23E8197C47A2C19F3354B518EB89031FD2B3A7F1E786A0EBA887FF007118FF004AF10F21BD08A3ECEC6B58E4D453D5994B3493D91EBF3FC4EF0F42098D6EA73DB6C6141FCC8AC3B8F8B323337D934C551D8CB2127F202BCF45AE082454CB6EA3AD74C72BC3C7A5CC6598D57A23A5BAF893E24BAC88A58EDD4F68D071F89AC4BAD6F59BDCF9FA8DC303D46F207E950089076A788D71D2BA6187A50DA28E79E26ACF765430BBF2CD93DC9EB4F480AF1C5590807414EAD5596C62E4DEE421314BB6A4C518A7710CDBF4A50B4A2834804340A0D028B8AE2D1451400519345140828A2933400B4514503169B4B494C028A28A005A3340A0D215C751451414348AAD342181207E156E98452686763F0F7E25DD785A74D3B512F3E90C718C6E687DD7DBDABE85B2BEB5D4AC63BCB29D26B790651D4E411FE35F21C91E4E4706BA6F01FC40BDF066A02290B4BA5BB7EFA0CF4FF697DEB3944D632B2B1F4F0A5354B4CD52D358D3E2BFB19965B795772B29FD0FA11573359346880D25145002E68CD373466801D9A334DCD00D003A8A28A430A28A2800A28A2800A28A280118718F5A01F9B6F60283D0D201CE6980EA28A2801AD4A39A1C654D35586DF7A007939522A18B3B4E7939A78271923AD2018A0090530FDFC53C534F0F9A000D30734F34C1C5201D4DA7525003692969281D828A28A0634D068341A602507A5141E9400C345068A90393A4A5A4AD0CD0A29C29A29C281DC514F14C14F140870A51482945031E3A52D20E94B400E14E14D14E14994878A514D14E148638528A68EB4F14C029C29A29C2801E29CA09381D6999C56078D3C429E1CF0ADDDE023ED0C3CA80772CD9FE4327F0A12B93267967C52F149D6F5E1A55BBE6D2C4952474693F88FE1D3F0AE3A28C2004555B55799DA57259892493DC9ABD8ADE2AC8E7949DC0F340A314B5648514514802928A4A620A28A2810A2969281400EA28A2818514514005145140051451400D3D281D29C6928631B4A3AD2D1400A28A28A05B851451400518A28A4018A31451400D228DA29D45301BB47A0A368F414EA2801BB07A0A368F414B45002607A0A5A28A062607A0A368F4A5A290AE2607A5181E94B4531894DA7536810B8A314668CD20625145140AE3A8A6D1405C75368A4A02E145145020A28A2801690D145001499A5A2800A28A280168A4A298C28A4A28016969B4B4085A0525140C5A28A290C42B9A827B7120C8E1AAC1A295AE34EC6AF82BC73A97826FD8C7BA6B290FEFADC9F95BDC7A1F7AFA47C3DE24D33C4DA6C77DA6CEAE8C3E7427E646EEAC2BE55960120F4353E85AEEA9E15D4D2FB4F98A3023721E55C7A30EF5128DCB8C8FAE68AE43C11F1034EF195AED40B6DA822832DBB1EBEEBEA2BB0AC6CD3D4D93B8CA29D450170A29B450161D45368A02C3A9692968185145069000A050BC8CD0698094B4D14E638140094B48A72809EB4A050014C20034F2714D7E46476A003A0A3A7BD20FBB9A41C8A007D14D14B4008D4DA79A4A40148694D3684861498A5A298C4A4A5A4A0069A0D38D34D26C04A0F4A5A0D0808CD14A68A4072468141A0559980A70A68A51540870A78A60A78A4038528A414A2801F4A292945031C29E29829E28180A78A60A78A431C29C29A3BD385030A753453A8062D788FC5FD785F6B9069111FDDDA292F83D5D80FE431FAD7B3DF5DA58585C5E4BFEAE08DA46FA019AF976EAF5F57D66E6F67C192791A43ED939C55C15DDCCA6C96D94A4433DEA7A6E30001DA9456C8C1BD45A28A4CD0014514645003692945253258503AD140EB400F145028A00514B4D069D40C28A28A0028A28A0028A28A0028A28A0028A28A0028A28A0028A28A0028A28A0028A28A0028A28A004A28A290C28A28A057128A33464503168A4C8A322800A29B4502B85252D2502B8B451450170A2834502B8945145030A28A28105145140051451400514514005252D2500145145318514514005145140051451400B45145002D1451482E14EA652D031D51BA2BA90454941A065282E2EB49BE8EEED2578A68DB72BA1C115F407803E2959F88E08EC35575B6D540DA198ED49B1E87B37B77AF08740EB8354A486481C491B1565395653820D4CA29971958FB289C52839AF1CF86DF1512E563D13C4130595405B7BB63F7BB6D6F7E9835EC1C601043023208EF5834D3368BB8E141A41D69F4804A28A2800A5A4A5A430A0F4A28A0045FBA2969070314B400DE94B9CD21A05301C38140E68140A001B819A613F29A573814DFE134000E94A681D286FBA6800068A441F28A7E286025252D2526036929692800A28A28189494B49405C28A28A00290F4A5A43D2958630D141A280391340A0D02B4331452D20A5A6028E86A414C14F14980E14A2905385031C29E29829E290F6014E14D14F14C0514E14945050A29E0734C14F1400E3D28140A434580E2FE29EAEBA778366801224BC710AFF00BBD5BF41FAD78558A020B91CD7A4FC6BBA26FB4CB2CFDD469587D4E3FA579E5A214879EFCD6B146351931A70A6D38559820A6E4D3A9B40C71E94DA292989B0A28A2810503AD145003C52525250028ED4FA68A75030A28A280168A4A280168A28A0028A28A004A28A2800A28A2800A28A2800A28A28016928A4A005A2928A043A928A66681DC7D252537340809E69726928A005C9A326928A0028A28A005A28A29084A28A2800A28A2800A28A2800A2928A005A28A2800A2928A005A2928A602D145148028A28A0028A28A004A28A298C28A28A0028A28A00514EA651400B4EA6D20A00928A60A5A06388CD35941183C834EA0D008CFB8B7DB9751F957A47C38F8A53689345A5EB72C92E9CC42A4CDCB43F8F75AE148C8E6A9CF6BBB2EBF954B8A6ACCB5268FB0E29A2B88526825496275051D0E5483E86A5AF9BFE1DFC45BAF0B5D2D86A0ED3692E70CA7968BFDA5F6F6AFA1EDAF2DEFAD63BAB59565B7957723A9C8615CF24D3B1BC649A2CD15186A901CD48C28A28A0028A28A0029692968010D14C6FBCB4F1400B4B49450046D92C7D2969DC50680014D3F71BEB4B4D3F70D002A7DD14E34D4FBA29C6801B452D30F5A0071E94CA5A28010D21A53486800A28A280034D34E34D34CA0A4A5A4A180D345068A90391340A0D02B4330A51494A2980E1D2A414C14F149800A78EB4C14F1414878E94B482969034385385345385301E28A05141428A70A68A78A0031C519A534D03278A607827C56BDFB678EE58874B58922FC71BBFF66AE761FF0056B56FC5771F6DF1B6AB2B1CE6E180FA0E3FA5561C00056B1396A4AEEC3A8A28AA334368A28A004A28A2810514514C6145145002D145140C514EA68A5CD002D1451400514514005145140051451400628C519A334005145140051451400514514005252D250025069052D020A28A31400514628C500368A5C1A4C500145145001451450014514500145145002D1451484145145002628A5A4C50025145140051451400514514C62D145148414514500251451400514514C61451450014514500145145001451450028A5A414B40C28A28A1805252D20A432BCB129F9B15D67813E20DD7846E7ECF71E65C699237CF116FBBFED2FBD7364556961CE587E552D27B8D369DD1F5AE99A959EAFA7C37FA7DC2CF6D2AE55978FC08EC6AF835F36FC35F1ABF85B5A5B6BC918E9771C48A7908DD987E75F47A491CB124B0BABC6E372B29C820F43584A2D33A2324D684B45341A70A9185145140051451400D3FEB569E2987EF29A037CC45003A8A4CD1400514941E9400B498A01F9452E68010538D34529A004348290F5A41400B451450021A0D0683400945145034069A69C69A698C292969286034D141A2A40E44D028340AD0CC5140A0502980E14E14D14E14863C5385345385003C74A5A41D296801C29C29A29C2818F14B4829695CA014F14C14F14C00F4A745CB534F4A743C3D303E5DD406ED76F5FB9B87CFF00DF469C29DA9A04D7EFD57EEFDA1F1FF7D1A68AD63B1C52D58F078A6E68145508334668A28105145140051451400514514C6145145003A8CD368A007D14C14E078A063A8A4C8A32280168A4C8A32280168A290D00145277A51400B452D14009451450014514500145145002628C52D140094629696801B8A314B450026D1415A5A2818DC52629F494086E29314FA2810CA29F8A31400CA297068C1A0028A28A420A28A280128A28A004A28A2800A28A2800A28A280168A28A0028A28A004A28A298C28A5A28B884A28A2818514514005145140051451400B45251400EA292978F5A5600A2933466818A79A691C53A90D00559A3DCBD3A74AF5CF845E3A4555F0D6A731073FE8723B6473FC193FA5796B282306AB1125BCCB342C524460C8CBC1041C8352E37562A32699F61629C2B95F01F8A93C55E1A82E5987DB21022B85CFF0010FE2FC6BA806B9DAB3B1D29A6AE49483EB4DDD42FDE14843A968A4A00434DA0D25031734EA652D003A8A6D1400E149FC668149FC66801C28340A43400D348B4B48281D87D369D4DA0028C514502128A28A0680D34D38D34D3185252D250C069A28345481C81EA294521EA2945686628A70A68A70A00514F14C14F140C70A51482945003C74A5A41D296801C28140A05031E29E29829E290C05385345385318A69F0FDFA60A22FBD401F32EAA862F11EA287AADCB8FF00C78D32AFF8B5163F1D6B283A0B963F99CFF5ACE15BC7E138A5A31D45145020A28A298828A28A0028A28A004A28A2800A28A298C5A28A2800A33451400B93464D251400B93464D251400F14B48296801314B45140C28A28A430A5A4A5A6014514502128A28A0028A28A005A28A2800A4A5A4A005A28A280128A28A430A28A2800A28A29884228028340A00292969A2800A28A29122628C519A334001A4A5346280128A5C518A004A297146280128A28A005A28A2800C518A3146298C292969290828A28A630A28A2800A28A2800A28A2800A28A2800A3345140066969281400EA29074A5A0614C75DCB4FA43401D27C30F103F87FC6114524816D2F7F73306FBB93CA9F6C1EFEF5F49E715F1FCC8558302411D08ED5F4CF8035BFEDFF0006D95D33EE9D17CA9BD772F07F3183F8D615236D4D69CAFA1D40A72F514C1520AC8D47534D2D34D00368A4A323BD03168A323B5140051451400E271480FB52938A01A062D047141A4345C634D068341A7700A28A28DC028A28A0418A4C52E693340C0D34D3A9A686C029B4EA6D4DC04345068A40720694523528AD4CC5140A0502801E294520A5140D31E29C29A29C2801C29453053850048281482945031D4EA6D3A8131C281482945034C5A747F7C5369C9F78508A3E79F1EC7E4FC42D5C631BA5561F42AA45630AEDBE30D9083C596D7C170B75000C7D594E3F962B8853950456F17A1CB516A3E8A28A640945145020A28A2810B4514500145145002514B453189451450014B494B40051451400514B83498A00514E14D140A007D1499C519A005A290B60D05877A43B8B466A32EA2986741D4D01B9628AA8F70A07CA698D7654670698EC5EA43C5538679EE1B6410492B7A22963FA56BC7A16B7730A98743D4989EA4C0D83F4E293760717D0A6580EA6937A7AD69A781FC5B3B606857C3DDA3205594F86DE3375C8D16E7F103FC697320E591885D7D680EBEB5D1A7C29F1BBE71A3483FDE751FD6A64F83FE396E9A528FF007A751FD68E641CB239532A0EF49E727AD75C3E0D78E4F5D3E05FF7AE907F5A8A5F83BE3746C7F6646DFEEDC29FEB4DC9072C8E5BCE4F5A707523A8ADD7F857E3446C1D225FC1D4FF005AAF27C37F19460FFC492E9B1D9403FD685240A2CCADCBEB4039ABADE07F16C4A59F41BF03FEB99AA73E85AFDA7FAED22F93EB0B7F853E6457285154E517907FAEB69A3C7F7D587F4A805E3F6C8A4D8729A745678BC703934A2F8D04D8BF484E2AAADEA9C645482E11BB1AA158989C514D0EA47514160475A402D14D3D68A04145145002D1451484145145002514514005253A928012968A5A004A28A2800A28A280128A28A630A28A2800A28A2800A28A2800A28A2800A28A2800A28A2801694D252D031D4519A334010CE3E5AF5BF8117D9B5D5F4F7724ABACA99F71B4FF00215E5120050E6BBDF824E478AAF907436F93FF007D0A8A8BDD2E9BB33DE4538534528AE63A18FCD30D141A004A28A2800A5A4A5A630A28A28185145143402D069334668DC00D251450D80B452514AE02D149453B805149454B60141A4A290087AD369692800345068A00E3DBB538535BB53856A660294520A514C078A70A68A70A00514E14D14E1400A29E29829E290C70A51482945003853C53053C5001451450028A51D690528A0679C7C65B169344B0BF519104C558FA6EFF00F5579344C19062BE8DF14E95FDB9E15D434F0A1A4788BC79ECCBCAD7CDD6D9505181047041ED5AC1E9631A8BA9668A296AD99094502835371094B452D5084A28A2800A28A2800A28A2800A28A298C28A28A005A052D21A02C3B14605145031A6929CD4DA043A9ACD8A6BBED5E6AE685A0EA9E29D4E3D3F4C84BBB1F998FDD45FEF31EC293761A8B7B141A61D002C7D075AD5D3BC27E25D680361A35E4AADD1F6155FFBE9B02BE80F0A7C37D13C2B671BB451DE6A2546F9E540D83FEC83D07EB5D72B95E14051E83A0ACDCFB1AC69F73E7EB0F823E28BA40F793D9D9EEFE167DECBF5DA31FAD74569F0062420DF6BACC0F68611FCC9AF5FDCC4E7269D927AD473B2B912384B0F833E0DB245135B5CDE38EAD3CE403F82802B76D7C03E0FB460D1F876C4B0E85D377FE844D7403BD37F880F5A3998EC8482D6D6D5365B5B41028E8B146AA3F4A787653C507E5A43CD0E43B126F2DD694120E454629C2A6E04A1C83914A5C935166973400A58D018D19A334C052D9EB4A1C8E94DCD19A7701FE73530B03FC20FD69334628B881846F8DD1A9C7AA8AA371A1E8D78C5AE74AB1958F77B7563FA8ABD8A053E662B1CEDD7C3EF085DA912F87AC467FB9184FF00D0715CF5DFC13F06DD64C76F776C4FFCF1B838FC981AF432734A29733616478EDC7ECFFA7B31FB26B773103D1648D5B1F88AC8BBFD9FF548C1369ADDB4BECF1B2FF2CD7BC93485B229A934572A3E67D43E0E78CAC94B436D05E0EDE44C33F9362B9FBAF0478C6C7267D035000752B09603F15C8AFAD853CB3600CE68E7689714CF8BA55BDB372B756F2C4476910A9FC8D20BB046722BECAB9B3B5BD88C5756D14F19EAB2A0607F3AE6B53F865E11D55584BA4451337F141FBB3FA53553B8BD9A3E5E4B946383C54824463C115EDDA87C00D227CB69DAB5DDB37659556451FC8D71DAAFC0DF14D892D633DADFA0E9B5BCB63F837F8D5F3A643A6CE1B752D4BA9F877C45A2315D4349BA840FE2284AFE638ACD4BD00E185526992E0D1728A805CA30C8353060C320E6825A685A2933466810B45145001451450014514500145145002514514005252D250014514531851451400514514005145140051451400B4A69296818868348580EB4D32AD002CAD8435EA9F0234E2D26AFA9B8E142C0A7DF927FA5792C9282ADC715EB5F0BBC77E17F0EF86DB4EBDB9920BB9676964764254F000C11EC2A27AC6C5D3DCF6514671552C754B0D52312585DC37287BC6E1AAD1E6B9754740B451453B8094514503B052D252D318514668CD0019A33499A4CD002E68CD1454B60145145200A28A2800A28A2800A28A4DD4D200341A09A09A7601B41A5A434AC034D141A2901C8350286A056A6638528A414A2980E14F14C14E068014528A414A2801E29E29829C295C078A51482945003853C530538503168A28A00514EA68A7500491B61ABE78F1DE92343F1B5EC4885619DBCE8C63030DCF15F428AE03E2C787DF54D161D52D9374F624EF23A98CF5FC8FF003A71766292BA3C7C36696A289B72FBD4B5B33985A05146690094B494B5401451450014518A314005145140051451400B452668CD310B4525140EC3A9B4525003A919B68E692A095CF6A046BF86BC357FE2ED6A3D3AC50E5B992423E58D7BB1AFA5BC37E19D3BC25A4A5869F12EE23334E47CD237B9F4F6AE77E14F8687873C242E254DB7B7F8924247CCAB8F957DB8E7F1AEDEB0A93BE88E8845A5A873DCE6940C500D3B359A2C5A5A6D2D30687669B9FDF01FECE69334D07FD247FBB40135149494818F14B9A68A71E680619A334C14F14085A29296801334A292814EE02D14514AE01451453B80B45251400514514EE1B0514514980B4B4DA29582E3A901C1A28A6315F648A52445653D9866B9FD5FC0DE17D76364BED16D8B3749635D8E0FAEE5C574028CD0DB5B08F1CD5FE0058BEE9347D5658589CAC732EE503D370E7F4AF3AD6FE19F8B7C3A8D34960D7102F264B73BF03D48EBFA57D519C5213B8608C83D8D38CD89C533E2CFB5BA395914823A861822A74B847EF8AFABF57F0678775C8D96F74AB7666EB22AED6FCC579BEB5F00ED250EFA1EA52432649586E1772FD370E4568AA23370EC78E8607A1CD3B35A9ADF80BC51E19DCD7BA7C8F129FF005B0FCCBF98AE7D6F0676B02A47506B4524F627919728A8D2557EF4F06821AB0B452514C05A2928A005A2928A002929692800A28A2800A29A5B149E6AD003E8A62399182A2963E8064D4E9697570DB21B59D9BD046DFE14011E690B62B520F0B6B33F5B4F287AC8C07E9D6B4EDBC073B9DD757F1C6BE9102C4FE78A05739632A2F7A61B85ED5DF45E08D293FD619A5FF79F1FCAB560D1B4CB400436302E3B95DC7F3340B98F33B7B5BFBE60B6B6934A7D554E3F3E95AD078375A9C03279500233F33E48FCABD1461570000074029339A0398E420F0142A01B9D41E43DD514015AD6DE15D1AD769FB2F9A47532B6E07F0E95B04734B412E4FA15BFB374FD9B0D85B6DFEEF9600AC2BFF03E977619A0DD6F21E9B4E57F2AE9E90D0352679AC9E1DF1168127DA74F926014E4496CE411F80E6BA6D13E31EBFA515B7D620FB74438259764BF98EBF8D74A0D55BBD2EC2FD765CDB238F5C60FE752E29971AAD6E775E1DF88DE1BF1232C56F7AB6F7447FA8B821189F453D1BF0AEB2BE65D5FC09711133E96FBC0E7CBE8C3E952685F127C4FE14B8FB2DC48D7302F0D05C725477C1EA2B2953EC7442AA6B53E96A2B90F0A7C44D17C54AB1C327D9AF7BDBCC4024FFB27BD75C0E3AD66D35B9B269EC145141A004CD141A4A005A2928345C05CD2D252D4B00A28A2900514945002D06928A004279A6E696929A01C692928A18051494500068A0D1480E40D028340AD4CC5A753696980A29C0D345385003C528A68A703400F14E14D14E1480514F14C14F1400B4ECD329681920A29A29D400A29D4D14EA005348F1C73C6F0CAA1A3752ACA7B834B460D007CE3E27D0E6F0DF88EEAC1C1F2C36F85BB329E9FE1F856787AF71F88BA1D9EADE1B9AE679A2B7B8B446921918E376072BF8D782248F23048D0BB1E8AA326B54F4319C5265BDD4DDD9A72E9DAAC8B98EC66FF00BE4D3FFB0F5B6E96327E94C8182978F5A78F0FEBADD2C9BFEFA1FE34BFF08D6BEDFF002E6C3EAC3FC69868C8B72FF7852865F5A917C25AFB927ECD8FAC8A3FAD49FF000866B8DD628C7D655A2E3D1752B165EE693CC4FEF01F53570781B5B6ED08FF00B6A29C3C07AC9EAD6C3FEDAE7FA5160F77B9477A7F7D7F3A37A7F7D7F3AD01E00D5CF59ED57EAE7FC2A51F0F7513D6FAD47FC09BFC2985D7732BCC41D5D47E3479B17FCF45FCEB607C3CBBFE2D42DC7D031A7FFC2BAB9FFA08DBFF00DF0D40AEBB989E6C7FDF53F8D1E6C7FDE5FCEB757E1E480FCDA945F8467FC6A41F0EFD753FCA13FE340AF139EF363FEF2FE7479B1FF7C7E75D22FC3953D7533F841FE2D4F1F0E60EFA9C9F84407F5A02E8E5CCF1FF007C530DC47FDF5AEC13E1D69E07CF7F724FB2A8FF001AB29E00D1D460BDCB7D5C0FE9405E3DCE11AED00E39FA549A5C90CDAEE9E9303E535C461C762370C8AEF3FE102D147F0CE7FEDA562F883C12BA75A7DBF4D9646111DCF1B72CA07707DA93DAC11714CFA79B680140000E0629A0579CF80BE28D8F88D22D3B51FF0045D4950052CD95988FEE9ECDEC6BD14B62B9A5169EA75A92685CD00D2668CD003E96983AD3C502B084E2980FFA403FECD0C726957EF93DF18A064D9A334CCD19A007E6945479A7034123A9692973400B453696801D45251400B452514805A2928A603B34669B9A33400B452668CD002D1499A33400514514C0334668CD19A005CD19A4CD19A4019A334668CD0019A28A2900A42952195581E0861915CA7883E1C7863C4218DC69D1C331E9341F230FCB83F957574D2714D49AD8373C0B5EF815AADA169343BD4BB5EA2393E57FA67A1FD2BCE351D3358D02E0DBEA96335BB8E9BD480DF43D0D7D8A0D55BFD3ACB55B56B6BEB68EE216EAB22E4568A6C9714CF8F92E91F00F06A60C18641AF6FF00127C0FD23502F368B3358CC7911B7CC87FA8AF28D7BE1F78A3C2CC5EEACDA4B753FEBA13BD71EA7D2B48CD333946C64138A335512F01E1C60D4A275619155721C592E682C054B65A4EA5A98DD696AEC9FDE6F957F335B707806FE4506EAEE2881E76A82C7FC28B88E74CAAB51B5C228AEF2DFC01A5C4019A69E63DC6E0A3F415A71785F4483052C23623BBE5A80BA3CB84CF236D89598FA28C9AD1B5D0B5ABC1BA3B0980F575DA3F36C57A9456D6F6CBB60822897FD840BFCAA6DC48E68B89B48F3D83C03A9CE43DCDCC10A9EAA18B1FD2B5ADBC03A6C2C0DC5C4D38EEAA7629FEB5D66ECD31B9A57139156D74DB0B018B4B58A218C654727EA4F356B791D38A29314C9E66C0B13D69B9A09A3340AE145145313618A314668CD0014514501B8514514000A050281400F0D8AA1A9E9361AC4252EE205FF8645FBCA6AF66931414A4D6C798EADE12D534494DCDA9696243B9648B2197DC8EA2BAFF00077C60BCB078EC7C43BAE6DB855B8C7EF107BF1F30FD6BA2C8C572FAFF0083E0D4B74F62162B83C95C6158FF004350E29AD4D6155A7667BB585FDAEA7671DDD95C473C0E32AC8C08FF00F5D5A35F2BE87E24D7BC0FAA110B3C6A1B32C1203B5FEA3FAD7D01E11F1BE9BE30B2DF6CC22BB41FBCB763F303EA3D45652A76D51D4A48E9BBD369334BBAA0B0A2928A4C0753A994B9A901D45368A0028A4A280168A4A2800A2928A0028A4A280168A4A2980A68A69A2901C91A0504D00D69733014E14D14E154028A70A68A70A560145381A6FAD28A0078A78EB4C14F1400F14E14D14E148614B494B4C070A753453A810A29D4D14EA2E028AC4F13F8BB4BF0B5B17BB903CEC094814FCCDEFEC3DEB1BC6FE3FB6F0CC2F6968565D4D97E55CFCB167F89BDFDABCA34CD1EFF00C477CDA9EAB2B18D98B33B9E5CFA0F6AA8C6E27248B97B7DAF7C42D45A69DCC36487E551C22FB0F53EF5D269BA2D86930AA5B4619FF8A4619627FA5598912DE058205091A8C0515200735A25639A536D8B8A314EA4C5322E14B494B4C4DB168A28A2C21681D6814B4582E28A2928A760168A5A28B05C5A5A4A5A2C21D499A28A2C0069C0D34D28A018F0734E2010410083C106980D3F3480E07C57E196D3251AD695B9115833A27589BD47B57B1FC3EF1CC5E2ED1D567655D4E050B3C638DC3FBC3D8D73642BC4F1C8A1A3752ACA7A115E736F7773F0FBC7515D5B64DAEE04AF692163CA9FC33F9544A37474D1A9D19F4E034EAAF697515F59417703868A640E8C3B822A71585AC74DC7034E078A6134A0D0C05348282680696C02E68CD2668A6900F06941A6034E0681343C1A5C9A6669734087669734CCD00F3401252D37B52D002D14668CD240145145300A2933466800A2905145EE02D1451400514945170B0B45145001451450014514500145145201734CA76453680168A28A00291C2BA15755653C618645380CD2E29833CE7C6DE0EF02E9FA6DDEBDA9E92A850671048D1F98E738180719271D85789F853448F5AD5E4B99232B630B6ED84F04F50B9EF5DD7C7BF1099B55B2F0FC2FFBA82313CE14F576CED07E8BFF00A1533C37A62E9DE1FB64C0124A9E639F5635B476319BB23514AAA84545555E155460014B8A36F14B57730B8DE94134514AE17B8B4B4D14EA080A28A28010D34D29A69A6310D252D25512C5141A050681894514500145145002D25149400B45251400ECD19A6E69D9A02E2E69692968194357D1AD35AB631DC228931F248BD54D79A4F06ABE11D6639E191E2950EE8A55E847F9ED5EB355354D32DF57B192D6751F30CA37756F5A0D232699D7F80BC796DE2FB210CA445A9C4B9962CF0DFED2FB7B57624E2BE4C865BFF09789239A3252E2D640CA47461FD4115F4F787F5BB7F116896DA9DB11B665F9973CAB0EAA7E86B9E71B6A75C65735334B9A4CD19ACD963A9734DA2A463B34669334668017346693346680173466933466800CD19A6E68CD0019A334668CD0019A334668CD50051451480E409A01A4340AB331C294520A515403C5385345385008514A29053850028A78EB4C14F1400F1D29E2A314F14862D2D3696810E14F1518A905301E1735C978F7C651F8574D68A1656D46752225EA147F78FF004AE8358D5ADF43D1EE751B927CB810B003AB37651F53C57CF713DCF8C3C532DDDDB125DB730EA157B01EC29C55C994ACAE59D0F429B59B93AA6A6CCEAEDB8963CB9AEDD1151551142AA8C051D853628D628D51000AA300018029E2B45A1CD293628A7814D14034AE48FA290D28A6014B4949D2A896C5CD19A693499A6263F3466999A334012669D9A8734EDD405C933466999A33405C7E69DBAA3CD3B340C7E69C0D459A783408753A994B400F069D9A8C53B340324CD721F112D04DA4DADE2AFCD0B6D27D8D7599C564F8A104DE18BF53FC31EF1EC4106958A83F78EC7E0F5F1BBF03AC2D3891AD6464C672541E4035E800D7827C09BA917C49A8DA063E54B6A1D97DD5801FFA11AF7A06B9E4ACCEF8EC2E68CD2668CD4318B9A29B4B400EA29052D3014528A60A70A009334669B9A76681066901E68CD19A04480F1453334B9A2C03B26973499A33480766933499A334C0334669A4D19A0075029B4A28403A90D141A1000A5A414B48028A4A0D30168A6D145807518A4A09C5200CD19A6668CD201F9A29B4B400B45145003853D4724FA0A8C53B6975641D594A8FC6A90EC7C93E20B9975FF8877924EC58CF7ACA73CE006C01F90AF52DA11420FBAA3007B57905E89347F174E665C496F78DBD7E8D5EBCAC248D24072AEA185742D8E6ABA3B08690D29149E94190514514B7105029D45161342514514C434D34D38D34D00D05252D25500514514C028A5A280128A28A004A2968A004A28C51400567EA7AE58E9207DAA5C391911A8CB7E55A15E7F77026A5F110DB5D80D09902B82703685F5A4DD8B8C6ECEC749D6EC758476B690EE5EA8C30DF5AD2CD79EE8BE4DBF8FA48B4D39B53BD5413FC2013FCC7EB5E804FAF03B9E8052B94E3614D19C5431DC4522B989D65280E551831C8ED81597A26B83585B9FDC188C2D8209C9FF3C5509233BC6FA4FDB34D37F1A8F36DC7CF81CB2E7FA55BF82BE20369ABDCE8D3C87C8B95F323527A38F4FA8FE42B5E65135ACD1B74642A73E841AF34F04CA2D7C77A4BB36156E9413F5E3FAD44A3A1B5367D519CD14D6386A01E6B999D23E8A33466A46145251400B9A334668CD0019A334668CD0014526EA375002D06928A6900D3D68A28A007514DA29DC0E48D028340AB33638538520A70A6028A5A4A5A010E14E14DF5A51400E14F14C14F14000A78A68EF4E14B601D4B494B400A2A41518A907268067927C61F1039BAB5D1216011144D360FDE63F741FC2B37C25A6FD8B4F33B8FDE4BD0FF00B3589E3A9CDF7C42D4327E5170221EC1405AEE21411C291A8C0550B8AD56C6351D912514514CE70A05140A403A8ED40E94B4C62514A692A8962D21A2814C42514EA2801B4B4B4B400514B450014B494B400B4B494B40263B34E0734D34A2801D4668A28016B1BC593F91E17BDFF6D427E647F4CD6C1AE17E20EA4316FA7A3723F7B20078E7EE8FEBF8D08B82BC8DCF8116B23F89352BA1FEAA1B4DAC7DD9811FFA09AF7ACE2BCCFE09692D63E15BBBE9170D7B28DBEBB54607EA4D7A4139AE69BBB3BA3B589334B9A8F75264F6A8025A2A24972C518153FA1A97340C5CD19A4CD19A005CD19A4CD2E6801D9A5CD3334ECD021D4519A3345C05A5A66452D003B34668CD19A6019A33499A3345C42E68CD25140C5CD19A4CD00D00C78A290118A5C8A042D14991484D002D2525140EC2D14945031D499CD028A3610945145200CD3B34DCD19A2C0C7D1480D2D00069558AB02290914D269A7603C27E367836687566F1258DB96B69C0173B47DD71FC47D88C5727E16F1A0B2852C35225A01C24BDD47BFA8AFA825449E268A54578D94AB2B0C8607D4578E78BBE082DDCB25EF86E5588B72D6929F973FECB76FA1AD2325D489C2E875B5C5BDE4225B6992543FC48D914F2315E4B77A67897C217845C5BDDD9BA9C6E2A76B7D3B115A167F10F51830B750C730EE7904D69B983A4D1E934572B6DF107499947DA239A06EE76EE1FA56CDA6BFA55EEDF26FE124F4566DA7F234AC438B468D266951D1CFC8EAC3D54E682A6988414629D49412D0D34D34A690D03B0514514D05828A5A298AC2669B9A7628C503B0DCD2E697146298828A28A0418A4A5A4A0760AF2AF14BB43E29BC74621B7E720FAA8FF001AF55AF3FD496D60F881249A8286B51B59C119E368C54B2E9EE65F86758B6D1AFE4B8B8859CB26D464EAA73E9EF57BC43E22975ABBB7B3B0674872142FDD2CC4F7A355BB8FC47A8C363A3D8AC7129F9463E66F73ED59B77A7DF787F568C6034D1E195946E19A93668B5ADDA45E1CBE822D3EF6537B120370EAC0057F45C56D586ACD2EBF6CE5515A7B755976AED0ED8CEE23D6B0EFF40B8B6D13FB4277569E560593765803DCD5AD2595F54D3EEA596286DA340AECEE07CC060F1557259DF4AE22B69646FBAA8589F6C5796F86617BBF1769C910CB35D291F4DD9CD6FF008A3C5704D6B25869CFBF79C49281C63D17EB5D47C1EF07CE2F5FC437F118E38D4ADB2B0F9998F538F4F7F7A527645C23767B377A3BD02835CD23A03346E3499A335231734669334669D805CD19A4CD19A005CD19A4CD19A2C02D252E69280168A4A280168A28A0028A3345007246814E340AD4C8514E14D14E140C2969296801C294520A514980F14E14D14E1400A29E2982A41400E140A053850002A41C1CD474E14203E7DF88B64FA6F8F6F26036A4CEB7087DC804FEB9AEAB4CBF8352B349A175271865CF20FA1AEC3C67E11B7F145880088AF625221948C8FF0075BDABC4F52F0EEBFE1AB9267B796200F13272A7F115AC599548B67A4D15E7B69E34BF802ACE893AF424E437E75D15B78C34B9A2DD248F130EAACA4FEA2A8C1D3923A0A2B320F10E95707097B103E8C769FD6AE25EDAC8DB52E6263E8AC09A42E56B72C0A514839E94A3DE801D451B97D68A09614DA292AC42D14518A005A75252D030CD19A314628B8585A29C149E946D2BD78A570B094B4D69235EB220FAB0151497D650E7CCBCB75FAB8A2E251659CD28ACD975FD2615DCFA8438FF0065B71FCAA94BE33D162CEDB8794FA2A1A68A516CE868AE2EE7E21C0AB8B6B1663FF4D1F1FA0AC9B9F1FEA92A95892187DD464D26EC52A6CEFF0053D422D32C65BA9B18453853DCF615E6FA5697A878D7C4CB0C79792670D2391C22F73F41E94FD274AD7FC6FA8882132CF8397958FCB183DCF6ED5EFF00E11F08D8F8434C16F6EAB25C380669C8E58FA0F6A894AC8DE95277B9BBA7D941A569B6D616C816182308807A0EE6AD035103CD381E2B0BDCDF61F9A5CD301A5CD201FD6941A68A51400FA5A6D2D002D028A2801C28A4A2810ECD19A6E68CD003B34B9A666973400FCD2E6A3A5A007D14DA5145C07514D345343B0668CD368A02C3F34ECD454ECD02B0FCD19A6D1400B45145002D145148028A4A2800A2928A00297349499A063C1A5CD341A514006EA334945002D149453288EE6D6DEF22315CC11CD19EAB22061FAD719AB7C23F086ABB9D6CE4B395BF8AD9F68CFAED3915DC514F99A2747B9E1FAA7C019D72DA4EB0929CF09711ED3FF7D02457197FF09BC61A793FF12D3301DE070DFA75AFA8F3406AA53684E299F1E5D69FAEE8AE45CDB5EDA11C7CEACA3F3E868B7F12EB36BC477F363D18EE1FAD7D84E1645D8E8ACA7A8619158F75E12F0EDEB16B9D12C2427B98141FCC0A7ED3B92E9A3E668BC79AD2603C914A07F7A303F955E8BE23DD81892C206F757653FD6BDD2EBE177836E9483A2C5113FC513B29FE78AC3BAF81BE189F2609AF2DC9E9870C07E62AB9D13ECCF368FE22DA151E6D94A0FF00B2E0D4CBF10F4B6C66D6E17F23FD6BAD97E005916CA6B5328F43103FD6AB4FF0017662DF5F21FD248383F91A6A485EC8C01E3FD18F58AE07D547F8D3878F744FEE4FFF007CD5C93E016AC1B11EB562DFEF2329FEB5137C02F100FBBA9E9ADF5671FF00B2D1CD112A443FF09DE8BFDD9FFEF8A3FE13BD17FBB3FF00DF14FF00F850BE24CFFC8434CFFBEDFF00F89A70F807E21C80752D3067FDB7FF00E268E643F62463C77A277F387FC0291BC7BA2AF4139FF8062B422FD9FF005123FD235CB446F4585987E79156E2F802BB7F7BAF1DDFEC41C7F3A3990BD89CE49F1034B0094B7B963E9803FAD5497E23460FEE34F661FEDB8FE4057723E01E9FE5FCFADDC13DCF96BFE352C5F01F4451FBCD5AF18FB2A8A39D21FB13CE24F88D72C3E4B0814FA9626AAFFC2C0D47FE7DADBFEF96FF001AF564F81DE1D46CBDDDEB8F4DEABFD2AC2FC15F098FBC2F4FFDB7FF00EB51ED10FD91E3EFE3FD5586163B743EA109FE66A03E38D65BA4910FA20AF6B4F835E1146C98AF1C7A34FC7F2AD4B6F85FE0D8136FF62C72FF00B5248CC7F422973A0F667CFADE32D6DBA5D28FA22D665DEA375A84ED35D4AD2CAD8058F5E3A57D3F1F803C256EDBA2F0FD983FED296FE66AFC5E1AD02DC0F2B44D3D71E96EBFE149D443548F942D5EF126DD68D2A498C6E8F20E3F0AB0B6FACCCE42417EEDDF6C6CC6BEB65548542451C48A380AAA140FCA9C18F734B9CA548F9620F04F8B6F977268D7CC1BA1910AFF00E858ADCB0F83FE29BC702E2382D233D5A5901C7E02BE8BA69A4E6C7ECD1E7BE1CF849A1688E9737AEDA95D2F3FBC188C1F50BDFF001AEF404450B1A0541C2A81802A422984543937B94A296C25145148028A28A062514514F600CD3B34DCD19A4C05A2928A120168A4A2980B45251400EA2928A560B8668A4A29D82E73068141140156642D145140C5A5A4A5A0070A70A68A70A403853C53053C50002A41518A78A0078A050281400EA71E69B4EA062114D7892689A39515D1860AB0C834FA42334EE3394D5BE1BF87355DCE2D4DACA79DD036DFCC74AE46F7E0B4AA0B58EAC982785993FA8AF5A1D29734F99872A6780DEFC2CF13DAB37976F15C28EF138C9FC0E2B16EBC2BE20B42C64D2AF2355EB842DFCABE9ACD14F998B9227CACD26A5684867B9887A3165A7A6B5AA27DDBD987FC0ABEA26456FBCAAC3D1866A07D3AC656264B2B77FF007A35347312E9A3E6B5F136B099C5EC9CFA8069FF00F0956B23FE5F18FD557FC2BE886F0E68523167D174F627B9B64CFF002A8DFC25E1B7C6ED0AC4E3D2155FE58A7CC2F6499F3DFF00C257ACFF00CFD9FF00BE17FC29EBE2FD617FE5E14FD635AF7B6F057858FF00CC06CFFEF93FE348BE0AF0B2B061A0D9EE1D3E5247E54F983D8A3C1FFE133D67FE7B47F846283E33D67FE7E107FDB35AF7893C13E1895B71D12D01FF0065481F90351A7807C26ADBBFB1203EC59B1FCE8E707491E13FF0986B67A5D81F445FF0A8DBC57ADBF5BE618F4551FD2BE823E0DF0B1FF980598FF80D489E15F0D46A15342B1DBFED4218FE668E60F648F9D7FE124D63FE7FE6FCE9ADE22D64F5BF9BFEFAAFA55341D06360D1E87A72B0E8CB6A991F8E335665B1D3AE1819F4FB49703037C0A4E3F1147302A68F975B5BD51FADF4DC7A39148ADA9DDE0A3DD4A4FF00777357D4D059E9F6A316B616D02F711C2ABFC8558DC08E3A52E61FB347CADFD97AD4E420B2BE7F6F29CFF4AD1B3F0278A6FB062D22EB69FE275DA3F5AFA6836294B9EF4B9C6A091F3EC1F09BC5B72C03DB4112E31979D7FA56E59FC0DBF93E6BDD66D611DD6252C47E3C0AF65DC7D292939B1F244F308BE06E981BF7BAD5D37FB9128FE79ADBD37E12784EC240F2C3737AC3B4F28DB9FA281FAD76A0D3C1A4E4D828A447696769A75B7D9EC6DA1B68BFBB1AED07EB53525206A96EE34C78A78A8C1A703481B24A414DCD2E6900F14E14C06941A00941A526A20D4E2D40EC3F346699BA8DD4D0587E68CD37752E69085CD19A33466801D9A334DCD19A007D2D3734B400668CD2668CD003A8A4CD19A602D1499A286C77169D4CA5A2E21F401480D2934AE21734669B9A33400ECD19A6E68CD003F3499A6E68CD0019A3349914B40C28A28CD21A0CD2E69B9A5069B01D9A6E68CD19A0419A753334E0680168A3346680128A28A005A5A4A2800A5A292801D4868A4A0698868A5A334157128A334991405EE18F7A09A334629584C4C5348A7E69A4D1624652629D9A6E698EE18A314668CD3D8607A5309A5148696E50D3484D04D2134EE21734DDD4669334AE019A2928A420CD3734668CD34C03346693346698051494502B8514945082E2D149462801D9A334CCD19A063F3466999A33401252D301A70340828A33450339AA28A2ACC84A28A050316945029681A638528A414A295C43853C53053C503169475A51D28A00514E14C14F1400EA753453A8060DF7681D052D14005145140EE2D19A4A2806C28A28A042D1494B4141494514036C29334B482801C294520A28B80B8A76314CCD3B3400EA514DA2810F06949A8C1A71340AE3B8A5CD368A901E29454629C298C928A6D1400EA703519A7034807834A0D479C5381E28024CD19A6668CD21A24DD4ECD479A5CD031E0D28351834E06801D9A70A652D003F3499A3346684C076296994B4C07D149450D0828A4A290C7668CD368A62B0ECD2D3052D2603A96986969887668CD25148761734668A2810668CD19A33400668CD19A6D003B34669334B9A06389A693413484D002834669B9A4CD0324CD266933494C4381A70351D381A018FCD2D329D9C5210B4B4DCD2D002D145140828A28A02E1451450025253A9281899A3340A2905C28A28A00434D34E34D34C06D252D2503128A5A61A630A6D04D37346E029A69A0D21A4F400A4A4A4A0009A09A434D34F60173499A29B400EA28CD14805A4A05369B10EA4A4A2810B45368A630A28A290C5A28A2801C3AD38537B514262173452514582E73B451455998528A4A5140C5145028A5B0C506941A402940A0078A78A60A78A007D1451400829E29829E2801C2A41518A90500C28A28A0028A28A004A28A282AC293499A4C52D03B0668CD251400B9A377B52514085A05145048E14525148A168A4A2801D9A37525145C43C5140A0D003B752D329C0D310EA292834863B34B9A8B34E07348078A76714C069DBA98C5A5A652E69089334669A0D19A403F3466999A766818E06941A6034A0D16192669D9A8F34B9A007E69D9A8F34ECD003F34B9A8F34B9A6C07E68CD37346695C07668CD3734668B80ECD19A6E68CD170173466933466900B9A766999A5CD500F06941A8C1A7034012668CD3334669098ECD19A6E68CD310B9A33494503B0669D9A6E68CD218ECD3734668CD300A29296800CD04E2985B0C453836680168CD1452B80ECD2EEA6668CD022414E069828140894514D14EA0028A28A041494B49400B494536800A2929450019A4CD19A4CD03404D213413484D03026909A09A426818D269A4D2934D268B8084D349A09A693400A4D213484D213400B9A6E69734DCD300A28A0F4A004CD373413499A0070EB4EA6AD3A8010D21A534D26800CD19A4CD19A042E68CD2668CD002D1494503168A28A005A75329C2813034534D154230692969299014A2928A062D28A4A052631E29D4C14B4087D3C53053D7B503168A28A063853C54629E2980E14E14C140A4224CD14DA2818FA29A3A507A5318B452514862D19A6D06810B9A334DA2801D45368A007503AD3681408905140A28120A28A28285A5A6D2D003A8A4A2810FA4269A28A403E814828A603A8A28A901453A9A2969885A5C9A6D28A0070A0D20A0D20141A5CD328A06480D3EA2EF4F14C63A969B4B4863A969B4B400FA5CD328A007D14C145003E8A8E945003E8A4A280168A4A2801D45251400F14A29829C2801D9A5A65385002D14CA2810ECD1914DA2818ECD252528A4C05A29B451601D4A69829C686034F5A01A0D28A40385368149430169475A6D1484C9053C75A8C53C555C44828A41D2834087514945002D2514868B80A7A532968A006D29E945250014DC538D250521A68341A0D031A690D29E94D3480434868341A63B8C34C352534D210D341A0D21A760128A28A6034D34D3CD250032802968A2E2145145140C4348734A68A00434D34F34D3400940A28A0070A29051400EA29A28A007528A6D2D020A28A2981FFFD9, 1, 0, NULL, '2025-04-11 19:02:43', NULL, NULL, 0, NULL);
INSERT INTO `zen_sys_user` VALUES (2051938442670608386, 'system', 'JtuDLX8J9+Vm9pBCqEhvrQ==', '系统管理员', '16666666666', '16666666666@126.com', '女', NULL, NULL, 0, 0, NULL, '2026-05-06 16:13:42', NULL, NULL, 0, NULL);

SET FOREIGN_KEY_CHECKS = 1;


-- ==========================================
-- 对象存储模块新增字段 DDL
-- 新增字段：is_default, tags
-- ==========================================

-- MySQL DDL
-- ==========================================
ALTER TABLE `zen_fso_ds`
    ADD COLUMN `IS_DEFAULT` TINYINT(1) DEFAULT 0 COMMENT '是否默认数据源',
    ADD COLUMN `TAGS` VARCHAR(500) DEFAULT NULL COMMENT '标签(格式: 生产:primary,测试:warning)';

-- 创建索引（可选，用于快速查询默认数据源）
CREATE INDEX `idx_is_default` ON `zen_fso_ds` (`IS_DEFAULT`);


ALTER TABLE `zen_redis_ds`
    ADD COLUMN `IS_DEFAULT` TINYINT(1) DEFAULT 0 COMMENT '是否默认数据源',
    ADD COLUMN `TAGS` VARCHAR(500) DEFAULT NULL COMMENT '标签(格式: 生产:primary,测试:warning)';

CREATE INDEX `idx_redis_is_default` ON `zen_redis_ds` (`IS_DEFAULT`);


-- MySQL DDL
ALTER TABLE `zen_db_exec_log`
    ADD COLUMN `DML_TYPE` varchar(20) CHARACTER SET utf8mb4 COLLATE utf8mb4_general_ci NULL DEFAULT NULL COMMENT 'DML子类型 INSERT/UPDATE/DELETE' AFTER `SQL_TYPE`,
    ADD COLUMN `SINGLE_TABLE_QUERY` decimal(1, 0) NULL DEFAULT NULL COMMENT '是否为单表查询 1是0否' AFTER `DML_TYPE`,
    ADD COLUMN `PK_COLUMN` varchar(200) CHARACTER SET utf8mb4 COLLATE utf8mb4_general_ci NULL DEFAULT NULL COMMENT '主键列名（单表查询时有值）' AFTER `SINGLE_TABLE_QUERY`,
    ADD COLUMN `QUERY_TABLE` varchar(200) CHARACTER SET utf8mb4 COLLATE utf8mb4_general_ci NULL DEFAULT NULL COMMENT '查询的表名（单表查询时有值）' AFTER `PK_COLUMN`,
    ADD COLUMN `QUERY_SCHEMA` varchar(200) CHARACTER SET utf8mb4 COLLATE utf8mb4_general_ci NULL DEFAULT NULL COMMENT '查询的schema（SQL指定时优先，否则为数据源默认schema）' AFTER `QUERY_TABLE`;

-- SSH服务器表添加收藏时间和标签字段
-- 执行时间：2026-05-06

-- 添加收藏时间字段
ALTER TABLE `zen_ssh`
    ADD COLUMN `DT_FAVORITE` DATETIME NULL DEFAULT NULL COMMENT '收藏时间' AFTER `VERSION`;

-- 添加标签字段
ALTER TABLE `zen_ssh`
    ADD COLUMN `TAGS` VARCHAR(500) NULL DEFAULT NULL COMMENT '标签(逗号分隔，如: 生产:primary,测试:warning)' AFTER `DT_FAVORITE`;

-- 添加索引优化排序查询
ALTER TABLE `zen_ssh`
    ADD INDEX `idx_favorite_created` (`DT_FAVORITE` DESC, `DT_CREATED` DESC);
-- SQL窗口数据源表添加收藏时间和标签字段 (MySQL版本)
-- 执行时间：2026-05-10

-- 添加收藏时间字段
ALTER TABLE `zen_db_ds`
    ADD COLUMN `DT_FAVORITE` DATETIME NULL DEFAULT NULL COMMENT '收藏时间' AFTER `VERSION`;

-- 添加标签字段
ALTER TABLE `zen_db_ds`
    ADD COLUMN `TAGS` VARCHAR(500) NULL DEFAULT NULL COMMENT '标签(逗号分隔，如: 生产:primary,测试:warning)' AFTER `DT_FAVORITE`;

-- 添加索引优化排序查询
ALTER TABLE `zen_db_ds`
    ADD INDEX `idx_ds_favorite_created` (`DT_FAVORITE` DESC, `DT_CREATED` DESC);
delete from zen_db_ds where ds = 1;
delete from zen_fso_ds where ds = 1;
delete from zen_redis_ds where ds = 1;
delete from zen_schedule where ds = 1;
delete from zen_schedule_group where ds = 1;
delete from zen_schedule_log where ds = 1;
delete from zen_ssh where ds = 1;
delete from zen_sys_menu where ds = 1;
delete from zen_sys_menu_role where ds = 1;
delete from zen_sys_role where ds = 1;
delete from zen_sys_role_user where ds = 1;
delete from zen_sys_user where ds = 1;
